OG,Symbol,Model,pvalue,back,fore,fdr
OG0005080,ZNF142,two:one,0.002699,0.17265,0.33256,0.14455093023255813
OG0005087,AAMP,two:one,5.143e-05,0.02053,0.30155,0.009150506274509803
OG0005097,FN1,two:one,1.793e-05,0.11686,0.29217,0.003783646976744186
OG0005106,PIKFYVE,two:one,0.00429,0.09332,0.19532,0.1750508878923767
OG0005107,PLEKHM3,two:one,0.006802,0.12144,0.33221,0.2180966360424028
OG0005125,TNS3,two:one,0.04309,0.12225,0.2251,0.45119970149253735
OG0005135,EGFR,two:one,0.003458,0.06717,0.19077,0.15767784924623116
OG0005140,DOCK4,two:one,0.003757,0.03539,0.08464,0.16233818095238095
OG0005150,DPY19L2,two:one,0.02455,0.19944,0.73044,0.37343000000000004
OG0005183,TEAD4,two:one,0.04312,0.04006,999.0,0.45119970149253735
OG0005206,UNC5A,two:one,0.002409,0.03228,0.18327,0.14119606369426752
OG0005207,HK3,two:one,0.042,0.16234,0.30305,0.4509374238875878
OG0005242,BCR,two:one,0.0297,0.0321,0.14538,0.4016360655737705
OG0005243,SPECC1L,two:one,3.624e-10,0.04331,0.21614,2.7403479999999997e-07
OG0005265,SLC25A1,two:one,0.01435,0.03695,0.19022,0.3042334112149533
OG0005276,ZDHHC8,two:one,0.005454,0.06032,0.18703,0.19484092913385825
OG0005302,RMDN3,two:one,0.04858,0.21288,0.48461,0.4674601484623542
OG0005328,STARD9,two:one,0.01747,0.60858,0.8234,0.3362378389830508
OG0005332,TMEM62,two:one,0.0459,0.35326,0.8319,0.4610065941240479
OG0005339,TUBGCP4,two:one,0.0006274,0.02133,0.21625,0.05370780754716981
OG0005380,NANP,two:one,0.01237,0.15511,0.7259,0.28616241813602017
OG0005408,BICRA,two:one,0.0005973,0.06522,0.20454,0.051618097142857144
OG0005409,ZNF541,two:one,0.02497,0.15575,0.28104,0.37609342105263155
OG0005414,SAE1,two:one,0.02946,0.06845,0.1868,0.4006103283582089
OG0005427,DMPK,two:one,0.0006802,0.08654,999.0,0.056110316363636364
OG0005444,CLPTM1,two:one,0.007973,0.0346,0.15861,0.23798355921052627
OG0005466,TRIM50,two:one,0.0432,0.08389,0.45913,0.45119970149253735
OG0005489,CLCN1,two:one,0.04928,0.15028,0.43043,0.4691875602094241
OG0005502,RPRD2,two:one,0.004491,0.13802,0.26019,0.1793890347826087
OG0005539,POGZ,two:one,0.007134,0.07957,0.18942,0.22474633910034603
OG0005542,FRS3,two:one,0.006795,0.07934,0.24592,0.2180966360424028
OG0005568,KCTD20,two:one,0.03963,0.10394,0.23732,0.44582912019826515
OG0005573,SLC26A8,two:one,0.003526,0.51176,1.42963,0.1577445615763547
OG0005590,GALNT13,two:one,0.01941,0.01652,0.1123,0.3516399603960396
OG0005593,PRPF40A,two:one,0.00972,0.04714,0.19691,0.2617189317507418
OG0005604,APOA1,two:one,0.0003071,0.48914,6.40561,0.033206519047619044
OG0005610,DSCAML1,two:one,0.0002705,0.02101,0.07367,0.0306814625
OG0005620,PHLDB1,two:one,0.02632,0.08871,0.22007,0.38255984
OG0005639,CDC6,two:one,0.009811,0.28663,1.44691,0.2618382764705882
OG0005645,THRA,two:one,0.02215,0.0043,0.05249,0.3608421903052064
OG0005648,LRRC3C,two:one,0.03534,0.18597,1.49187,0.4264179072847682
OG0005659,CACNB1,two:one,0.0478,0.04064,0.12073,0.46488445873526263
OG0005687,ZNF652,two:one,9.382e-06,0.07696,0.36316,0.002579765696969697
OG0005707,CACNA1G,two:one,0.03093,0.05386,0.11457,0.4065623376623377
OG0005725,AKAP1,two:one,0.01478,0.32147,1.02984,0.31036013856812933
OG0005754,GDPD1,two:one,0.02206,0.08083,0.8782,0.3600223741007194
OG0005857,UTP25,two:one,0.0005846,0.12433,0.50133,0.05100635
OG0005866,KRT24,two:one,0.02448,0.25375,0.73745,0.37343000000000004
OG0005877,P3H4,two:one,0.04816,0.06507,999.0,0.46623581296493094
OG0005881,ACLY,two:one,0.02606,0.03815,0.13125,0.38078653784218996
OG0005889,STAT3,two:one,0.002628,0.00285,0.08974,0.14452407272727272
OG0005967,HID1,two:one,0.02183,0.02867,0.12817,0.35755490974729237
OG0005993,FOXJ1,two:one,0.0001868,0.046,0.27269,0.023541988888888886
OG0006008,TNRC6C,two:one,0.0001647,0.16761,0.37671,0.02230578805970149
OG0006013,AFMID,two:one,0.02597,0.27202,0.90546,0.38008351612903224
OG0006025,AATK,two:one,0.01049,0.18786,0.40759,0.26688235294117646
OG0006076,FAM118A,two:one,0.01391,0.05381,0.19825,0.2983908747044917
OG0006078,NUP50,two:one,0.002903,0.2231,0.71455,0.14905829213483146
OG0006079,PHF21B,two:one,0.0001868,0.13913,1.23903,0.023541988888888886
OG0006087,MCAT,two:one,0.03146,0.15266,0.89639,0.4082003714285714
OG0006101,TOB2,two:one,0.000274,0.06737,0.26607,0.030694765432098765
OG0006103,ZC3H7B,two:one,0.0105,0.0331,0.10201,0.26688235294117646
OG0006114,CACNA1I,two:one,0.0207,0.04698,0.09126,0.3550695652173913
OG0006117,MGAT3,two:one,0.01136,0.03628,0.10177,0.27708541554959787
OG0006118,TAB1,two:one,0.006944,0.02887,0.18713,0.22108721403508771
OG0006134,SOX10,two:one,0.03276,0.01067,0.11549,0.4165156363636364
OG0006209,VEZT,two:one,0.01113,0.25385,2.4913,0.2751789130434783
OG0006229,ZNF384,two:one,0.04009,0.02845,0.25114,0.44624953431372544
OG0006282,PIK3C2G,two:one,0.02422,0.352,0.80598,0.37343000000000004
OG0006306,MANSC4,two:one,0.01954,0.35903,3.06518,0.3516399603960396
OG0006315,DENND5B,two:one,0.02025,0.05373,0.14866,0.3529353904761905
OG0006373,ASIC1,two:one,8.882e-16,0.06232,0.33564,2.0148816999999998e-12
OG0006374,GPD1,two:one,0.02629,0.15212,0.40109,0.38255984
OG0006454,NAB2,two:one,0.01219,0.05736,0.45189,0.28574935732647816
OG0006467,KIF5A,two:one,7.491e-05,0.02337,0.23022,0.011328888999999998
OG0006472,AGAP2,two:one,3.22e-15,0.06488,413.45571,4.869713333333333e-12
OG0006487,TBK1,two:one,0.0463,0.07279,0.32151,0.4610065941240479
OG0006488,RASSF3,two:one,0.02875,0.08849,999.0,0.39707382039573824
OG0006494,HELB,two:one,0.04906,0.40271,0.83637,0.46885510504201683
OG0006501,CPM,two:one,0.02375,0.19954,0.87949,0.37236310880829016
OG0006511,TSPAN8,two:one,6.477e-05,0.59438,22.11431,0.010495053214285715
OG0006533,OCRL,two:one,5.684e-05,0.14988,0.76976,0.009479855272727272
OG0006538,BCORL1,two:one,0.00858,0.13568,0.36983,0.24582033125
OG0006587,ZDHHC16,two:one,0.02998,0.07011,0.29291,0.401829423929099
OG0006593,PI4K2A,two:one,0.005005,0.08364,0.45246,0.18766681818181818
OG0006608,NLRP12,two:one,0.004671,0.14648,0.35432,0.18269247413793102
OG0006644,ABHD15,two:one,0.0444,0.08468,0.20715,0.45472415349887135
OG0006646,GIT1,two:one,0.002176,0.02461,0.09812,0.13076174834437085
OG0006647,ANKRD13B,two:one,0.006943,0.03157,0.16419,0.22108721403508771
OG0006654,BHLHA9,two:one,0.0407,0.17716,999.0,0.4473284261501211
OG0006659,MYO1C,two:one,0.04465,0.02224,0.05915,0.45522932584269665
OG0006663,RTN4RL1,two:one,0.0277,0.05268,0.29424,0.39212137285491416
OG0006700,ANKRD13D,two:one,2.498e-06,0.04215,0.29662,0.000839513037037037
OG0006706,CARNS1,two:one,0.04651,0.13571,0.2796,0.4610065941240479
OG0006708,CABP4,two:one,0.01042,0.19662,1.38977,0.26688235294117646
OG0006711,PITPNM1,two:one,0.0198,0.04488,0.0928,0.3526607436399217
OG0006716,TCIRG1,two:one,0.02812,0.08516,0.17948,0.39316006163328193
OG0006718,KMT5B,two:one,0.0005061,0.14196,0.29508,0.04638738787878788
OG0006729,SHANK2,two:one,0.005216,0.07783,0.19,0.19008025702811246
OG0006736,ST7,two:one,0.008832,0.02034,0.50279,0.24916865838509314
OG0006766,ALCAM,two:one,0.04387,0.10138,0.87194,0.4532880136208854
OG0006772,NECTIN3,two:one,5.524e-07,0.11667,0.61338,0.00021793380869565218
OG0006809,STXBP5L,two:one,0.04378,0.0729,0.2682,0.4532880136208854
OG0006813,GOLGB1,two:one,2.445e-06,0.34702,0.7484,0.000839513037037037
OG0006846,KIFC3,two:one,2.22e-15,0.03973,0.3053,4.028856e-12
OG0006850,ADGRG1,two:one,0.04156,0.15151,0.42411,0.4494820500595948
OG0006872,SALL1,two:one,4.791e-13,0.08198,0.49305,4.830392666666667e-10
OG0006873,CYLD,two:one,0.0002061,0.06439,0.18102,0.024523368831168832
OG0006880,ZNF423,two:one,6.187e-06,0.01846,0.09576,0.0018713612666666666
OG0006901,TET3,two:one,3.56e-06,0.10084,0.31619,0.0011536942857142856
OG0006902,DGUOK,two:one,0.0167,0.46839,999.0,0.32729114470842335
OG0006913,ASPRV1,two:one,0.01983,0.13128,1.62952,0.3526607436399217
OG0006922,ANKRD53,two:one,0.02883,0.40264,1.89662,0.39757358662613984
OG0006932,FBXO41,two:one,0.02433,0.02821,0.11514,0.37343000000000004
OG0006941,UGP2,two:one,0.000524,0.02481,0.46511,0.04754776
OG0006946,CEP68,two:one,0.002377,0.44551,1.40659,0.14097318954248367
OG0006947,HECA,two:one,0.03775,0.02283,0.15117,0.43699377049180327
OG0006954,ADAT2,two:one,0.008399,0.13201,0.47594,0.2443022300319489
OG0006985,RCC1L,two:one,0.0381,0.12185,0.43894,0.43699377049180327
OG0007019,RHOBTB3,two:one,0.01103,0.06137,0.25548,0.2742088219178082
OG0007050,HOXA11,two:one,0.02326,0.06161,999.0,0.3710222648083624
OG0007055,CREB5,two:one,0.02437,0.03164,999.0,0.37343000000000004
OG0007068,PAM,two:one,0.0404,0.1615,0.44926,0.4473284261501211
OG0007071,KLHL20,two:one,0.007353,0.00345,0.03181,0.22694259183673468
OG0007124,ADGRE5,two:one,0.01099,0.3817,0.81234,0.27396499999999996
OG0007134,RAD23A,two:one,0.02042,0.06375,0.34636,0.3529353904761905
OG0007241,SYNPO2L,two:one,0.04645,0.1902,0.4488,0.4610065941240479
OG0007259,CDHR1,two:one,0.003439,0.19872,0.52058,0.15767784924623116
OG0007291,L3MBTL4,two:one,0.01252,0.28866,1.00328,0.28616241813602017
OG0007310,NPC1,two:one,0.001451,0.13039,0.33211,0.10050667175572518
OG0007340,PIK3C3,two:one,0.003668,0.0188,0.1546,0.16157005825242718
OG0007358,ACAA2,two:one,0.000648,0.19412,2.21516,0.054952822429906546
OG0007366,MEX3C,two:one,0.02286,0.04574,0.18978,0.3671356460176991
OG0007369,POLI,two:one,0.03087,0.28561,0.79518,0.4065623376623377
OG0007394,KDSR,two:one,4.242e-05,0.07325,1.032,0.007855491428571428
OG0007397,SERPINB11,two:one,0.01236,0.27894,1.1594,0.28616241813602017
OG0007455,RASA1,two:one,0.000786,0.06289,0.3487,0.06256284210526317
OG0007457,MEF2C,two:one,1.334e-07,0.0423,0.47323,6.724842222222221e-05
OG0007470,IL1R2,two:one,0.006545,0.3929,1.14772,0.21508983393501802
OG0007471,IL1R1,two:one,0.02986,0.38738,0.98798,0.401829423929099
OG0007481,C2orf49,two:one,0.002954,0.18106,999.0,0.1492003606557377
OG0007497,CNGA3,two:one,0.04834,0.12444,0.27,0.46623581296493094
OG0007516,MERTK,two:one,0.00299,0.21484,0.64507,0.1492003606557377
OG0007560,IL22RA2,two:one,0.004996,0.35163,3.68156,0.18766681818181818
OG0007600,CLVS2,two:one,0.006696,0.01224,0.12711,0.217776
OG0007603,TBC1D32,two:one,0.01916,0.20706,0.68443,0.35132200400801605
OG0007609,ROS1,two:one,0.03706,0.28192,0.51475,0.43597459249676584
OG0007610,RFX6,two:one,0.03939,0.14904,0.33997,0.44582912019826515
OG0007647,BEND3,two:one,1.148e-05,0.03398,0.20507,0.0028153924324324326
OG0007648,MTRES1,two:one,0.02665,0.23507,1.88157,0.38384460317460317
OG0007709,LMBRD1,two:one,0.01059,0.08102,0.74338,0.26767036211699163
OG0007712,LGSN,two:one,0.01276,0.20904,0.79245,0.28896503740648377
OG0007775,TTN,two:one,0.003884,0.099,0.12737,0.1662425283018868
OG0007784,FRZB,two:one,0.0117,0.06887,0.30233,0.28224915789473687
OG0007791,ZSWIM2,two:one,3.359e-05,0.39896,1.48857,0.006485014042553193
OG0007796,ANKAR,two:one,0.04272,0.15291,0.27168,0.45119970149253735
OG0007799,MSTN,two:one,0.008628,0.05612,0.1931,0.24582033125
OG0007801,INPP1,two:one,0.03642,0.1816,0.53343,0.43160575520833333
OG0007851,TMEM232,two:one,0.03541,0.50656,2.14168,0.4264179072847682
OG0007856,YTHDC2,two:one,0.01181,0.0444,0.16608,0.28224915789473687
OG0007858,PGGT1B,two:one,0.007569,0.05816,0.54355,0.2304735100671141
OG0007902,ENOX1,two:one,0.00672,0.03035,0.18544,0.21777600000000003
OG0007940,SLITRK5,two:one,0.003344,0.03879,0.19224,0.1569104
OG0007953,CCDC70,two:one,0.0214,0.32316,1.14989,0.35564761904761905
OG0007957,NEK3,two:one,0.02809,0.27091,0.78369,0.39316006163328193
OG0007960,COG6,two:one,0.001689,0.07511,0.46026,0.11221730935251799
OG0007968,HTR2A,two:one,0.03436,0.10624,0.39761,0.42337147496617045
OG0007982,POSTN,two:one,0.01439,0.06961,0.23266,0.30437030303030305
OG0007983,FREM2,two:one,0.009186,0.13936,0.2666,0.2551264709480123
OG0007984,AMER3,two:one,0.01855,0.31883,0.99069,0.34529545081967217
OG0007987,IL17RA,two:one,0.03197,0.25211,0.58828,0.4114833758865248
OG0007988,TMEM121B,two:one,0.04054,0.13218,0.37964,0.4473284261501211
OG0007990,MICAL3,two:one,0.0009468,0.14687,0.41842,0.07278104166666666
OG0007996,MPRIP,two:one,0.0392,0.13937,0.23975,0.44462599999999997
OG0007999,PEMT,two:one,0.04864,0.15072,1.14073,0.4675416949152542
OG0008000,RAI1,two:one,0.007096,0.11219,0.24334,0.2243522787456446
OG0008017,ST8SIA6,two:one,0.0001948,0.27228,5.05146,0.02421390684931507
OG0008048,IL2RA,two:one,0.004062,0.61643,6.03398,0.1698552442396313
OG0008092,GRIA1,two:one,5.192e-08,0.01367,0.13332,3.1408138666666665e-05
OG0008104,ARSI,two:one,0.04715,0.02415,0.0818,0.4620292656587473
OG0008135,TNFAIP2,two:one,0.02912,0.20368,0.75446,0.3984907228915663
OG0008140,TECPR2,two:one,0.004443,0.1639,0.34094,0.17918125333333335
OG0008142,DYNC1H1,two:one,0.004547,0.00782,0.02215,0.1793890347826087
OG0008149,SLC25A29,two:one,0.03722,0.05409,999.0,0.43634919896640834
OG0008159,CLMN,two:one,0.04012,0.23674,0.42699,0.44624953431372544
OG0008183,TTC8,two:one,0.004178,0.07939,0.36221,0.17311037442922375
OG0008202,LRRC71,two:one,0.001891,0.15358,0.47081,0.119663375
OG0008214,TMEM79,two:one,0.03601,0.11896,0.4388,0.4308655599472991
OG0008220,LMNA,two:one,0.004828,0.02753,0.14481,0.18563250847457624
OG0008240,ADAM15,two:one,0.04375,0.24449,0.52366,0.4532880136208854
OG0008249,CHRNB2,two:one,0.04176,0.04633,0.17662,0.45003591448931113
OG0008254,NUP210L,two:one,0.002793,0.25758,0.56782,0.14649527167630058
OG0008293,RAP1GDS1,two:one,0.0466,0.06935,0.29476,0.4610065941240479
OG0008296,TRMT10A,two:one,0.02509,0.21188,999.0,0.37609342105263155
OG0008306,SLC9B1,two:one,0.01246,0.52958,2.69657,0.28616241813602017
OG0008308,BDH2,two:one,0.003529,0.1029,0.66714,0.1577445615763547
OG0008324,NDFIP1,two:one,0.04329,0.0523,999.0,0.45119970149253735
OG0008485,TSNAXIP1,two:one,0.02371,0.30486,0.90575,0.37236310880829016
OG0008507,TRADD,two:one,0.0469,0.17794,0.68785,0.46106525974025975
OG0008514,NAE1,two:one,0.02346,0.08695,1.15537,0.3710222648083624
OG0008533,ADAM17,two:one,0.003449,0.07648,0.19009,0.15767784924623116
OG0008535,GRHL1,two:one,0.0009608,0.05587,0.19839,0.07278104166666666
OG0008539,GREB1,two:one,5.247e-05,0.08146,0.19977,0.009156015
OG0008540,LPIN1,two:one,0.01028,0.09083,0.24947,0.26601555555555556
OG0008573,SELENOI,two:one,0.003952,0.15482,1.40779,0.1678265981308411
OG0008620,NLRC4,two:one,0.03128,0.27968,0.47049,0.40774416068866576
OG0008625,FEZ2,two:one,0.02749,0.08909,0.30742,0.3903666040688576
OG0008636,CYP1B1,two:one,0.01524,0.14898,0.56991,0.3150062870159453
OG0008637,HNRNPLL,two:one,0.01277,0.02751,0.18498,0.28896503740648377
OG0008653,PPM1B,two:one,0.02138,0.16869,0.96107,0.35564761904761905
OG0008669,MSH2,two:one,0.002471,0.09873,0.52672,0.14191046835443039
OG0008679,GPR75,two:one,0.01063,0.11224,0.31262,0.2679350555555556
OG0008680,PSME4,two:one,0.03164,0.06237,0.16284,0.4094933333333333
OG0008695,C2orf74,two:one,0.01369,0.86673,999.0,0.29647508353221963
OG0008706,ROBO2,two:one,0.004731,0.04999,0.19975,0.18345766666666666
OG0008720,TM4SF1,two:one,1.156e-13,0.2248,9.3878,1.3111930000000002e-10
OG0008725,ZIC4,two:one,0.01435,0.11857,0.52455,0.3042334112149533
OG0008729,CHST2,two:one,0.006232,0.04029,0.20829,0.20944136296296295
OG0008745,FGF12,two:one,2.604e-05,0.00973,0.51137,0.005136673043478261
OG0008748,NTPCR,two:one,0.02093,0.12141,0.4764,0.35564761904761905
OG0008750,SIPA1L2,two:one,0.005295,0.06549,0.12988,0.19142163346613547
OG0008755,GNPAT,two:one,0.04647,0.18036,0.33216,0.4610065941240479
OG0008760,AGT,two:one,0.003514,0.19367,0.63357,0.1577445615763547
OG0008764,URB2,two:one,0.01115,0.26201,0.45078,0.2751789130434783
OG0008790,HLX,two:one,0.01289,0.07863,0.29679,0.2890812224938875
OG0008808,WDR33,two:one,0.0004724,0.0519,0.14621,0.04458421030927835
OG0008823,ITPKC,two:one,0.01361,0.29695,2.46887,0.2954477033492823
OG0008829,PRX,two:one,0.02748,0.19124,0.44821,0.3903666040688576
OG0008831,PLD3,two:one,0.00183,0.09688,0.61045,0.11693957746478874
OG0008849,SIPA1L3,two:one,0.02823,0.07086,0.1537,0.3934854377880185
OG0008868,IGFLR1,two:one,0.03528,0.4348,1.99622,0.4264179072847682
OG0008914,GPSM1,two:one,0.001697,0.03154,0.13616,0.11221730935251799
OG0008925,CFAP77,two:one,0.002441,0.11459,999.0,0.14119606369426752
OG0008939,ASB6,two:one,0.01753,0.04354,0.14413,0.336294334038055
OG0008950,ZER1,two:one,0.001082,0.0158,0.08337,0.07982169105691057
OG0008959,PTGES2,two:one,0.04774,0.0863,0.29674,0.46479909871244635
OG0008995,ARID4B,two:one,0.0007406,0.10185,0.20502,0.060001824999999995
OG0008996,LYST,two:one,1.242e-05,0.19182,0.32457,0.0029657652631578948
OG0008998,ERO1B,two:one,0.03279,0.04982,0.12767,0.4165156363636364
OG0009009,IL20,two:one,1.052e-05,0.54283,4.9297,0.002651624444444444
OG0009034,LRRN2,two:one,0.0005615,0.0925,0.5494,0.0494665145631068
OG0009053,CASQ1,two:one,0.01957,0.07415,0.62763,0.3516399603960396
OG0009056,PIGM,two:one,0.002217,0.13341,999.0,0.13234906578947367
OG0009063,ACKR1,two:one,0.01029,0.50401,2.18324,0.26601555555555556
OG0009109,GATAD2A,two:one,0.03617,0.09021,0.36048,0.4309852686762779
OG0009110,MAU2,two:one,0.003305,0.00345,0.096,0.1569104
OG0009133,ISYNA1,two:one,0.03805,0.05768,0.12113,0.43699377049180327
OG0009137,IQCN,two:one,0.01078,0.44586,0.89314,0.2699702479338843
OG0009144,ARRDC2,two:one,1.426e-09,0.09014,0.44694,9.95348e-07
OG0009147,SLC5A5,two:one,0.003319,0.13289,0.39301,0.1569104
OG0009205,CAP2,two:one,0.01379,0.12334,0.44565,0.2974375296912114
OG0009259,ANKRD66,two:one,0.02234,0.23836,1.9712,0.36263592857142857
OG0009285,ZNF318,two:one,0.005084,0.37223,0.81921,0.18829475918367344
OG0009299,PRPH2,two:one,0.01316,0.08562,0.2949,0.28983941747572817
OG0009326,FGF8,two:one,0.00516,0.01041,999.0,0.1892002177419355
OG0009395,CACUL1,two:one,0.001032,0.08512,0.53778,0.07675711475409835
OG0009403,PLPP4,two:one,0.0008712,0.04085,0.64809,0.06874146782608696
OG0009405,FGFR2,two:one,0.01932,0.04783,0.09871,0.35132200400801605
OG0009413,CPXM2,two:one,0.005559,0.07753,0.46051,0.1953004
OG0009416,ZRANB1,two:one,6.988e-05,0.0166,0.11387,0.010747307118644068
OG0009448,THBS2,two:one,0.03422,0.0452,0.0882,0.42337147496617045
OG0009451,CCR6,two:one,0.01179,0.09175,0.33239,0.28224915789473687
OG0009454,C6orf118,two:one,0.002569,0.27538,0.7622,0.14301292024539877
OG0009457,MAP3K4,two:one,0.01116,0.0756,0.16371,0.2751789130434783
OG0009462,SOD2,two:one,0.00734,0.13577,999.0,0.22694259183673468
OG0009466,SYNJ2,two:one,0.00406,0.11715,0.27436,0.1698552442396313
OG0009476,RGS17,two:one,0.002416,0.05789,0.25303,0.14119606369426752
OG0009482,RMND1,two:one,0.001567,0.24339,0.78361,0.10725058646616542
OG0009484,AKAP12,two:one,0.01249,0.34886,0.55171,0.28616241813602017
OG0009509,HNRNPD,two:one,0.009496,0.07274,999.0,0.25833894047619044
OG0009518,CCDC146,two:one,0.01954,0.25656,0.70073,0.3516399603960396
OG0009543,DNAH12,two:one,0.0005416,0.17077,0.35373,0.048658201980198025
OG0009548,CCDC66,two:one,0.04126,0.39814,0.95296,0.4481710394265233
OG0009564,NISCH,two:one,0.01243,0.07167,0.30023,0.28616241813602017
OG0009604,CAND2,two:one,0.005798,0.0704,0.20742,0.1977859097744361
OG0009605,IFT122,two:one,0.04141,0.0784,0.22954,0.44839420047732703
OG0009606,PLXND1,two:one,0.0001389,0.03536,0.10842,0.019096645454545456
OG0009615,GRIP2,two:one,0.03795,0.07653,0.19064,0.43699377049180327
OG0009620,ZBTB38,two:one,0.01829,0.14319,0.2501,0.3436096480331263
OG0009626,COPB2,two:one,0.005781,0.03221,0.15322,0.1977859097744361
OG0009632,NME9,two:one,0.01769,0.21006,0.82825,0.3377968067226891
OG0009673,SGO1,two:one,0.005516,0.50082,4.56089,0.1953004
OG0009687,DYNC1LI1,two:one,0.008906,0.05925,0.49246,0.2501951826625387
OG0009701,GOLGA4,two:one,0.01485,0.30387,0.60097,0.31048133640552994
OG0009713,CSRNP1,two:one,0.007919,0.15937,0.54311,0.23748125412541254
OG0009728,ZBTB47,two:one,0.01005,0.03442,0.09264,0.2643295652173913
OG0009734,POMGNT2,two:one,6.799e-05,0.04309,0.17499,0.01063691827586207
OG0009750,CCR5,two:one,0.03244,0.16951,0.59384,0.41510354929577464
OG0009758,KIF9,two:one,0.003372,0.11396,0.29888,0.1569104
OG0009760,SCAP,two:one,0.0004482,0.06374,0.14815,0.043265604255319154
OG0009762,CSPG5,two:one,0.0001839,0.09741,1.3886,0.023541988888888886
OG0009764,DHX30,two:one,0.01771,0.02139,0.05971,0.3377968067226891
OG0009773,CELSR3,two:one,0.01825,0.08569,0.14507,0.3436096480331263
OG0009774,NCKIPSD,two:one,0.001099,0.07808,0.25812,0.08042198387096773
OG0009792,USP4,two:one,0.02115,0.08755,0.19624,0.35564761904761905
OG0009810,RBM5,two:one,0.006566,0.02454,0.10768,0.21508983393501802
OG0009812,SEMA3B,two:one,0.04976,0.0843,0.22285,0.4702838421599169
OG0009814,HYAL3,two:one,0.0216,0.26947,0.76366,0.35685567272727275
OG0009815,ZMYND10,two:one,0.02705,0.11227,0.55318,0.38714779179810727
OG0009822,DOCK3,two:one,0.03067,0.03345,0.06926,0.4065623376623377
OG0009824,RBM15B,two:one,0.009194,0.03089,0.0761,0.2551264709480123
OG0009834,BHLHE40,two:one,0.0233,0.09545,0.29419,0.3710222648083624
OG0009836,LRRN1,two:one,2.698e-07,0.05345,0.26213,0.0001288508
OG0009850,PUS1,two:one,0.01579,0.07122,0.31616,0.32053346756152123
OG0009852,ADGRD1,two:one,0.02428,0.1261,0.27403,0.37343000000000004
OG0009854,SCARB1,two:one,0.005665,0.11031,0.75528,0.1969509961685824
OG0009859,DDX55,two:one,0.02176,0.08666,0.22194,0.35755490974729237
OG0009860,RILPL1,two:one,0.01711,0.0453,1.0318,0.3317438888888889
OG0009862,SBNO1,two:one,0.01342,0.02262,0.09692,0.29267458033573146
OG0009870,KNTC1,two:one,0.008427,0.14777,0.25874,0.2443022300319489
OG0009871,RSRC2,two:one,0.04746,0.02173,0.08093,0.46394483870967745
OG0009895,ATXN2,two:one,0.04771,0.08667,0.15513,0.46479909871244635
OG0009933,MSI1,two:one,0.009541,0.00568,0.10966,0.25833894047619044
OG0009942,ANKRD13A,two:one,0.04414,0.10057,0.33421,0.45339205882352945
OG0009960,SART3,two:one,0.03146,0.10228,0.19717,0.4082003714285714
OG0009962,CMKLR1,two:one,0.02493,0.12092,0.43758,0.37609342105263155
OG0009966,SEZ6L,two:one,0.02958,0.07017,0.15289,0.4006103283582089
OG0009980,ZMAT5,two:one,0.03982,0.09693,999.0,0.44624953431372544
OG0009988,RNF215,two:one,0.003151,0.0989,0.58494,0.15289932620320856
OG0009999,RNF185,two:one,0.03496,0.00938,0.42592,0.4264179072847682
OG0010006,PISD,two:one,0.0005516,0.02696,0.20933,0.049070768627450974
OG0010022,LGALS3,two:one,0.0313,0.41207,1.01974,0.40774416068866576
OG0010156,SENP7,two:one,0.02842,0.39316,1.27821,0.3937146259541985
OG0010169,TXNRD3,two:one,0.001805,0.15044,0.77493,0.1161600709219858
OG0010202,HSPB2,two:one,0.01223,0.04824,4.26408,0.28574935732647816
OG0010227,PDGFD,two:one,0.001572,0.11061,0.42471,0.10725058646616542
OG0010251,EGLN3,two:one,0.04102,0.03701,999.0,0.44792662665066024
OG0010269,LRP3,two:one,0.004915,0.04604,0.16396,0.18660548117154813
OG0010278,WRNIP1,two:one,0.004698,0.05924,0.48844,0.18295987982832618
OG0010290,JADE3,two:one,0.01124,0.28465,0.66361,0.276400433604336
OG0010300,EBP,two:one,0.03614,0.27603,0.9598,0.4309852686762779
OG0010325,RND3,two:one,0.007249,0.00112,0.23447,0.22675677397260274
OG0010333,CHRNA10,two:one,0.02792,0.08042,0.28382,0.3927846201550388
OG0010334,ART1,two:one,0.001146,0.21895,999.0,0.08281825396825396
OG0010341,ARAP1,two:one,0.02128,0.12089,0.26347,0.35564761904761905
OG0010351,COA4,two:one,0.04043,0.13472,999.0,0.4473284261501211
OG0010363,GDPD5,two:one,0.004033,0.07227,0.56577,0.1698552442396313
OG0010413,CD320,two:one,0.02683,0.38803,1.56753,0.3857885759493671
OG0010469,SLC4A11,two:one,9e-05,0.17299,0.89994,0.013387868852459017
OG0010473,UBOX5,two:one,0.03817,0.21686,0.63574,0.43699377049180327
OG0010492,TMEM74B,two:one,0.006541,0.13124,0.82042,0.21508983393501802
OG0010493,PSMF1,two:one,0.04653,0.24948,0.95206,0.4610065941240479
OG0010498,RBCK1,two:one,0.0009356,0.0649,0.30068,0.07256097777777777
OG0010516,POFUT1,two:one,0.02089,0.11409,0.68058,0.35564761904761905
OG0010552,SCAND1,two:one,0.01182,0.30705,999.0,0.28224915789473687
OG0010565,TGM2,two:one,1.561e-05,0.13636,0.5157,0.0033725033333333334
OG0010591,SERINC3,two:one,0.02555,0.32186,999.0,0.37773850162866446
OG0010613,ZNF335,two:one,0.008591,0.08909,0.23271,0.24582033125
OG0010637,RIPOR3,two:one,0.03436,0.13024,0.26792,0.42337147496617045
OG0010652,RTF2,two:one,0.003116,0.12915,1.11662,0.15230660215053762
OG0010654,SPO11,two:one,0.01433,0.15002,0.93086,0.3042334112149533
OG0010655,RAE1,two:one,0.02237,0.00992,0.1045,0.36263592857142857
OG0010674,CABLES2,two:one,0.0006661,0.05103,0.81519,0.05554286972477064
OG0010684,SLC17A9,two:one,0.03447,0.09393,0.39857,0.42337147496617045
OG0010714,UBFD1,two:one,0.0007613,0.05056,999.0,0.06113306371681416
OG0010767,ATP2A1,two:one,2.22e-16,0.03099,741.63033,1.007214e-12
OG0010792,METTL26,two:one,0.03535,0.10411,0.41593,0.4264179072847682
OG0010800,CIAO3,two:one,0.02504,0.11347,0.40478,0.37609342105263155
OG0010827,CASKIN1,two:one,0.03424,0.06223,0.1147,0.42337147496617045
OG0010844,CLDN9,two:one,0.005171,0.02353,999.0,0.1892002177419355
OG0010879,ZNF467,two:one,0.00272,0.12149,999.0,0.14455093023255813
OG0010891,GBX1,two:one,0.02197,0.04759,0.36447,0.35919960360360365
OG0010900,XRCC2,two:one,0.02123,0.20065,0.64584,0.35564761904761905
OG0010906,NOM1,two:one,0.04094,0.15008,0.3342,0.44792662665066024
OG0010925,TMC7,two:one,0.02436,0.11985,0.33476,0.37343000000000004
OG0010929,SMG1,two:one,0.007793,0.02923,0.07924,0.2349291760797342
OG0010931,MRTFB,two:one,0.001629,0.17336,0.66618,0.1103100447761194
OG0010938,SOCS1,two:one,0.04755,0.03314,7.4684,0.46394483870967745
OG0010955,TSHZ3,two:one,0.0001075,0.04637,0.11304,0.015241484375
OG0010956,CCNE1,two:one,0.01805,0.1066,0.27329,0.3426479079497908
OG0010957,POP4,two:one,0.03149,0.12581,0.55565,0.4082003714285714
OG0010962,NETO2,two:one,0.02016,0.05208,0.1194,0.3529353904761905
OG0010963,ITFG1,two:one,0.009354,0.12335,0.35677,0.25833894047619044
OG0010965,LONP2,two:one,0.002497,0.04096,0.14135,0.14250174842767296
OG0010997,NWD2,two:one,0.005375,0.0521,0.13058,0.19277766798418972
OG0011019,PROM1,two:one,0.002544,0.58505,2.30986,0.1428314814814815
OG0011027,CLNK,two:one,0.01521,0.47695,1.89552,0.3150062870159453
OG0011028,ZNF518B,two:one,0.01605,0.2302,0.40728,0.3226088053097345
OG0011031,ZBTB49,two:one,0.02449,0.20935,0.42636,0.37343000000000004
OG0011032,NSG1,two:one,0.002962,0.06559,0.3151,0.1492003606557377
OG0011039,CRMP1,two:one,0.04417,0.0282,0.07873,0.45339205882352945
OG0011042,KIAA0232,two:one,0.0004461,0.16456,0.38759,0.043265604255319154
OG0011046,SH3TC1,two:one,0.04919,0.18155,0.31054,0.46885510504201683
OG0011052,RGS12,two:one,8.143e-06,0.09553,0.25375,0.0023835349032258063
OG0011086,CHRM3,two:one,0.0004666,0.08181,0.35597,0.044567667368421056
OG0011164,PER1,two:one,0.02888,0.14006,0.2463,0.3976061818181818
OG0011165,HES7,two:one,0.04622,0.15318,999.0,0.4610065941240479
OG0011167,CNTROB,two:one,0.0001775,0.20231,0.57277,0.023541988888888886
OG0011171,CYB5D1,two:one,0.02935,0.17618,1.57606,0.40048406015037596
OG0011173,TMEM88,two:one,0.01594,0.0825,999.0,0.3226088053097345
OG0011174,DNAH2,two:one,0.008842,0.08814,0.16583,0.24916865838509314
OG0011225,CXCL14,two:one,0.00729,0.02542,999.0,0.22675677397260274
OG0011243,ZMYM2,two:one,0.003319,0.07403,0.49345,0.1569104
OG0011244,FRY,two:one,0.007393,0.04867,0.14914,0.22740366779661017
OG0011273,XRN1,two:one,0.004522,0.17953,0.49828,0.1793890347826087
OG0011276,HDAC11,two:one,0.03963,0.06823,0.32406,0.44582912019826515
OG0011291,TNK2,two:one,0.01612,0.05967,0.20975,0.32289818984547464
OG0011355,ANO5,two:one,0.00115,0.22738,0.76717,0.08281825396825396
OG0011381,ABTB2,two:one,0.00569,0.02222,0.09089,0.19706511450381678
OG0011416,CHRM4,two:one,0.002832,0.03379,0.36172,0.1476871724137931
OG0011460,CCDC175,two:one,0.03816,0.84067,2.19482,0.43699377049180327
OG0011462,PCNX4,two:one,0.02823,0.31026,0.6413,0.3934854377880185
OG0011486,PLEKHG3,two:one,0.02693,0.1556,0.27155,0.3860392101105845
OG0011536,VSX2,two:one,0.001386,0.05614,0.40365,0.0967428
OG0011614,ZEB1,two:one,0.01968,0.12451,0.6338,0.3522215384615385
OG0011644,NGDN,two:one,0.008131,0.17029,999.0,0.2411133790849673
OG0011714,LRRD1,two:one,0.02149,0.51294,1.73347,0.35649042047531987
OG0011736,MIOS,two:one,0.02487,0.02087,0.12969,0.37609342105263155
OG0011773,RBMS1,two:one,0.02663,0.04453,0.68017,0.38384460317460317
OG0011788,NEU2,two:one,0.04821,0.19332,0.58698,0.46623581296493094
OG0011810,PER2,two:one,0.04668,0.18183,0.34189,0.4610065941240479
OG0011853,TFR2,two:one,0.03508,0.12711,0.30556,0.4264179072847682
OG0011856,LRCH4,two:one,0.004302,0.15138,0.58351,0.1750508878923767
OG0011862,PVRIG,two:one,0.002128,0.45446,999.0,0.1302636644295302
OG0011895,SCP2,two:one,9.798e-05,0.24376,1.63391,0.014244739682539682
OG0011912,DHCR24,two:one,0.01224,0.03897,0.83567,0.28574935732647816
OG0011932,EFCAB7,two:one,0.003367,0.21293,2.41438,0.1569104
OG0011944,C1orf141,two:one,0.01709,0.80855,999.0,0.3317438888888889
OG0011955,LRRIQ3,two:one,0.01842,0.55065,1.75309,0.34462490721649486
OG0011966,AK5,two:one,0.03381,0.13953,0.41031,0.4225784297520661
OG0011972,DNAJB4,two:one,0.03357,0.07556,0.48531,0.4206581241379311
OG0011988,CCN1,two:one,5.746e-05,0.10559,0.9602,0.009479855272727272
OG0012004,TGFBR3,two:one,0.004812,0.18607,0.47268,0.18563250847457624
OG0012007,ODAM,two:one,0.03038,0.45845,3.19973,0.40539429411764705
OG0012073,PHEX,two:one,0.002443,0.07594,0.91046,0.14119606369426752
OG0012091,ACE2,two:one,0.005532,0.45569,1.41215,0.1953004
OG0012121,MAB21L3,two:one,0.008617,0.22277,0.61937,0.24582033125
OG0012137,PHTF1,two:one,1.046e-06,0.10944,0.506,0.00039547516666666664
OG0012138,MAGI3,two:one,0.01028,0.16311,0.32627,0.26601555555555556
OG0012143,KCND3,two:one,0.01827,0.00945,0.07565,0.3436096480331263
OG0012149,CEPT1,two:one,4.935e-07,0.04845,0.34562,0.0002035463181818182
OG0012159,ALX3,two:one,0.04331,0.09903,0.37041,0.45119970149253735
OG0012163,AMPD2,two:one,0.001924,0.02331,12.61275,0.12040259310344827
OG0012176,GPSM2,two:one,0.02403,0.0878,0.28877,0.37343000000000004
OG0012191,VCAM1,two:one,0.0424,0.30437,0.57645,0.4509374238875878
OG0012197,AGL,two:one,0.0131,0.09193,0.19361,0.2892199513381995
OG0012201,PLPPR5,two:one,1.583e-08,0.05147,1.11943,1.0260101428571429e-05
OG0012209,C6orf62,two:one,0.03128,0.0478,999.0,0.40774416068866576
OG0012211,CARMIL1,two:one,0.002733,0.10507,0.26122,0.14455093023255813
OG0012241,COL27A1,two:one,0.04284,0.27284,0.49267,0.45119970149253735
OG0012244,ZNF618,two:one,0.006173,0.02484,0.14277,0.2082297472118959
OG0012271,TMEM245,two:one,0.0105,0.11115,0.64246,0.26688235294117646
OG0012300,NCBP1,two:one,0.003958,0.02851,0.24767,0.1678265981308411
OG0012302,TDRD7,two:one,0.02329,0.20461,0.41229,0.3710222648083624
OG0012308,FRMPD1,two:one,0.001763,0.27304,0.56731,0.11426758571428572
OG0012326,CCDC107,two:one,0.043,0.51318,2.21593,0.45119970149253735
OG0012342,SPMIP6,two:one,0.009507,0.33913,1.88295,0.25833894047619044
OG0012344,KIF24,two:one,0.03062,0.43606,0.78738,0.4065623376623377
OG0012356,AGTPBP1,two:one,0.02459,0.09839,0.41491,0.37343000000000004
OG0012361,UBQLN1,two:one,0.005084,0.11874,0.5966,0.18829475918367344
OG0012365,TLE4,two:one,0.0257,0.00861,0.08213,0.3785743506493507
OG0012397,RFX3,two:one,0.0002592,0.02187,0.20642,0.029771908860759495
OG0012406,RIC1,two:one,0.001237,0.11818,0.38042,0.08701192248062015
OG0012409,BRD10,two:one,0.04422,0.32211,0.67472,0.45339240677966103
OG0012438,IZUMO3,two:one,0.01846,0.72687,999.0,0.34466263374485595
OG0012439,PLAA,two:one,0.009795,0.11053,0.4071,0.2618382764705882
OG0012516,GFPT2,two:one,1.021e-12,0.04154,179.04361,9.264554e-10
OG0012530,HMG20A,two:one,0.01199,0.08316,0.7081,0.28406595300261095
OG0012546,TBC1D21,two:one,0.03773,0.11492,999.0,0.43699377049180327
OG0012551,HCN4,two:one,6.674e-05,0.06046,0.23583,0.010624539649122808
OG0012553,BBS4,two:one,0.03403,0.17074,0.6022,0.42337147496617045
OG0012558,MYO9A,two:one,0.0004417,0.20214,0.53774,0.043265604255319154
OG0012559,NR2E3,two:one,0.002913,0.13566,0.52334,0.14905829213483146
OG0012563,TLE3,two:one,0.02506,0.00998,0.05755,0.37609342105263155
OG0012568,DNAAF2,two:one,0.002527,0.38226,1.54686,0.1428314814814815
OG0012571,MIS18BP1,two:one,0.02737,0.54833,1.18692,0.3903666040688576
OG0012575,KLHL28,two:one,5.362e-06,0.04421,0.41802,0.0016777513103448274
OG0012596,FOXK1,two:one,0.02028,0.03598,0.11892,0.3529353904761905
OG0012599,INTS15,two:one,0.00574,0.05435,0.26166,0.19729075757575762
OG0012602,DAGLB,two:one,0.002139,0.15329,0.4801,0.1302636644295302
OG0012603,USP42,two:one,0.005117,0.24164,0.50252,0.18874657723577234
OG0012605,AIMP2,two:one,0.0108,0.15003,0.57263,0.2699702479338843
OG0012608,BHLHA15,two:one,0.005587,0.07573,999.0,0.1953004
OG0012640,PPA2,two:one,0.04491,0.24766,1.43045,0.4564435386338186
OG0012660,JMJD4,two:one,0.04643,0.14432,0.64761,0.4610065941240479
OG0012733,IL6ST,two:one,1.41e-05,0.15834,0.55598,0.003120570731707317
OG0012734,IL31RA,two:one,0.007566,0.41533,1.20963,0.2304735100671141
OG0012748,ITGA1,two:one,0.03168,0.10193,0.18553,0.4094933333333333
OG0012752,MRPS30,two:one,0.03511,0.25783,0.67114,0.4264179072847682
OG0012775,LIFR,two:one,0.0004766,0.19397,0.55882,0.04458421030927835
OG0012778,CPLANE1,two:one,0.003601,0.40297,0.61206,0.15939255609756098
OG0012779,NIPBL,two:one,0.02015,0.05133,0.11012,0.3529353904761905
OG0012815,ICE1,two:one,0.02997,0.34533,0.60626,0.401829423929099
OG0012824,EXOC3,two:one,0.01698,0.05531,0.22114,0.3313473548387097
OG0012846,MAST4,two:one,0.04395,0.21503,0.32326,0.4532880136208854
OG0012861,IL13RA1,two:one,0.03015,0.3366,0.95033,0.4035119469026549
OG0012886,MID2,two:one,0.04215,0.02157,0.17559,0.4509374238875878
OG0012905,IL1RAP,two:one,0.04111,0.17784,0.53154,0.44792662665066024
OG0012912,LPP,two:one,0.002924,0.10267,0.48102,0.14905829213483146
OG0012919,AHSG,two:one,0.00955,0.63034,1.69783,0.25833894047619044
OG0012950,CCDC39,two:one,0.005353,0.33858,1.12793,0.19275048412698412
OG0012963,TNFSF10,two:one,0.03965,0.53156,1.92811,0.44582912019826515
OG0012985,PDCD10,two:one,0.04372,0.00996,0.32153,0.4532880136208854
OG0013008,GMPS,two:one,0.006044,0.02912,0.35781,0.20463901492537312
OG0013060,BACE2,two:one,0.04295,0.07503,0.21237,0.45119970149253735
OG0013075,SIM2,two:one,0.03072,0.05384,0.16294,0.4065623376623377
OG0013079,DOP1B,two:one,0.0001791,0.13745,0.25508,0.023541988888888886
OG0013080,SETD4,two:one,0.004224,0.23571,0.68976,0.17343247058823533
OG0013083,CRYZL1,two:one,0.005596,0.13728,0.4334,0.1953004
OG0013086,IFNAR1,two:one,0.02461,0.49805,0.98948,0.37343000000000004
OG0013092,HUNK,two:one,0.0009188,0.09223,0.39747,0.07187233793103448
OG0013093,TIAM1,two:one,0.03022,0.0768,0.13924,0.4038531369661267
OG0013096,CLDN17,two:one,0.01072,0.19328,1.55263,0.2694550692520776
OG0013127,NDNF,two:one,0.03132,0.08693,0.19235,0.40774416068866576
OG0013137,ANKRD50,two:one,0.0006988,0.02745,0.09026,0.05712532612612613
OG0013155,RAB33B,two:one,0.03498,0.05282,0.25968,0.4264179072847682
OG0013166,SMARCA5,two:one,0.006555,0.02026,0.14152,0.21508983393501802
OG0013171,MMAA,two:one,1.352e-05,0.17557,1.37869,0.0030670119999999996
OG0013183,TIGD4,two:one,0.009566,0.12414,0.69821,0.25833894047619044
OG0013191,FGB,two:one,0.02366,0.2772,0.95773,0.37236310880829016
OG0013192,FGG,two:one,0.03999,0.29417,1.01187,0.44624953431372544
OG0013193,LRAT,two:one,0.03714,0.22149,999.0,0.43597459249676584
OG0013231,FZD3,two:one,0.002653,0.03282,0.05709,0.14455093023255813
OG0013249,MADCAM1,two:one,0.02341,0.28168,0.85409,0.3710222648083624
OG0013251,HCN2,two:one,0.01299,0.01554,0.06264,0.2890812224938875
OG0013259,R3HDM4,two:one,0.04595,0.04455,0.20192,0.4610065941240479
OG0013274,PCSK4,two:one,3.578e-05,0.08309,0.69765,0.006763910833333333
OG0013302,DOHH,two:one,0.01458,0.06166,0.22759,0.3069580510440835
OG0013316,SIRT6,two:one,0.002864,0.06941,0.54655,0.14850249142857141
OG0013325,SEMA6B,two:one,0.01338,0.03984,0.11552,0.29267458033573146
OG0013344,PSPN,two:one,0.0433,0.29955,2.06546,0.45119970149253735
OG0013360,SHFL,two:one,0.02133,0.06055,0.27224,0.35564761904761905
OG0013383,KANK2,two:one,0.02643,0.07929,0.16737,0.3831083386581469
OG0013392,PRKCSH,two:one,0.0252,0.08497,0.20686,0.37609342105263155
OG0013396,DCN,two:one,0.02163,0.18173,0.85494,0.35685567272727275
OG0013399,EPYC,two:one,0.02396,0.15072,0.53682,0.37343000000000004
OG0013409,SLC6A15,two:one,3.303e-07,0.2699,1.29627,0.00014272105714285713
OG0013429,HYKK,two:one,0.03195,0.24187,0.6475,0.4114833758865248
OG0013430,CHRNA5,two:one,0.02548,0.09833,0.40655,0.37773850162866446
OG0013475,AEN,two:one,0.03815,0.16427,0.39065,0.43699377049180327
OG0013476,DET1,two:one,0.00272,0.00785,0.05279,0.14455093023255813
OG0013481,RGMA,two:one,0.0006672,0.03387,0.17609,0.05554286972477064
OG0013499,UBE3A,two:one,6.328e-15,0.02646,0.23918,8.202896e-12
OG0013500,ATP10A,two:one,8.882e-16,0.07623,999.0,2.0148816999999998e-12
OG0013508,ACTN3,two:one,5.826e-08,0.03589,0.24423,3.30407025e-05
OG0013539,SLC25A45,two:one,0.04691,0.11544,0.38704,0.46106525974025975
OG0013593,B3GAT3,two:one,0.004536,0.05061,0.63561,0.1793890347826087
OG0013600,FADS2,two:one,0.04709,0.08538,0.23577,0.46194017297297296
OG0013617,TMEM109,two:one,0.04097,0.26579,1.38373,0.44792662665066024
OG0013627,CNTF,two:one,0.01649,0.26351,999.0,0.32599185185185187
OG0013674,ADCY10,two:one,0.005511,0.2081,0.4882,0.1953004
OG0013730,TIRAP,two:one,0.02618,0.16218,999.0,0.38192495176848873
OG0013764,TP53BP2,two:one,0.04551,0.09118,0.1675,0.45924522222222225
OG0013789,ASPM,two:one,0.003122,0.31437,0.46193,0.15230660215053762
OG0013790,ZBTB41,two:one,2.934e-07,0.07747,0.32171,0.00013311558000000002
OG0013795,KIF14,two:one,0.0002022,0.26669,0.51432,0.024523368831168832
OG0013796,DDX59,two:one,9.777e-06,0.12783,0.60829,0.0026093087647058822
OG0013803,LGR6,two:one,9.89e-05,0.12007,0.41073,0.014244739682539682
OG0013807,KDM5B,two:one,0.0004889,0.09086,0.29888,0.04526814897959183
OG0013912,GINS4,two:one,0.03994,0.13086,1.1629,0.44624953431372544
OG0013945,SGCZ,two:one,0.0245,0.05544,0.53816,0.37343000000000004
OG0013948,MICU3,two:one,0.01345,0.11126,0.31028,0.29267458033573146
OG0013952,MTMR7,two:one,0.04647,0.05783,0.14292,0.4610065941240479
OG0013960,FAT1,two:one,2.691e-11,0.08254,0.2081,2.2198303636363636e-08
OG0013967,LRP2BP,two:one,0.0001186,0.15699,0.95283,0.016556559999999998
OG0013974,STOX2,two:one,0.003002,0.05277,0.15899,0.1492003606557377
OG0013978,WWC2,two:one,0.0003177,0.10734,0.28146,0.03370041395348837
OG0013979,TENM3,two:one,0.0,0.01607,0.12527,0.0
OG0013985,GPM6A,two:one,0.03736,0.00841,0.0718,0.43686164948453604
OG0013995,POMGNT1,two:one,0.04308,0.03103,0.10505,0.45119970149253735
OG0014038,SLFNL1,two:one,0.04293,0.14665,0.52481,0.45119970149253735
OG0014069,COL8A2,two:one,0.007707,0.08521,0.27887,0.23311106
OG0014114,TINAGL1,two:one,0.04012,0.09786,0.9449,0.44624953431372544
OG0014165,RUNX3,two:one,0.0003989,0.03124,999.0,0.040217984444444445
OG0014183,C1QC,two:one,0.008954,0.20093,999.0,0.2507672716049383
OG0014253,CASZ1,two:one,0.02663,0.04794,0.09077,0.38384460317460317
OG0014255,KIF1B,two:one,0.002156,0.03903,0.20331,0.13042362666666665
OG0014261,SLC2A5,two:one,0.0138,0.15565,0.49338,0.2974375296912114
OG0014266,PER3,two:one,0.01957,0.35325,0.65454,0.3516399603960396
OG0014269,THAP3,two:one,0.02837,0.17558,0.53805,0.39362290519877674
OG0014276,GPR153,two:one,0.0002081,0.05204,0.27364,0.024523368831168832
OG0014281,DFFB,two:one,0.03624,0.11921,0.93537,0.4309852686762779
OG0014284,TP73,two:one,0.03749,0.0416,0.14566,0.43699377049180327
OG0014288,PRDM16,two:one,0.02022,0.06604,0.12891,0.3529353904761905
OG0014293,PRKCZ,two:one,0.03303,0.03387,0.1497,0.4174292757660167
OG0014299,TMEM240,two:one,0.01645,0.00864,0.18271,0.32599185185185187
OG0014311,NOC2L,two:one,0.02094,0.13173,0.35796,0.35564761904761905
OG0014332,LRRC14,two:one,8.732e-08,0.03446,0.49266,4.660833411764706e-05
OG0014344,OPLAH,two:one,0.0003616,0.03905,0.117,0.03728589090909091
OG0014346,GRINA,two:one,0.008299,0.06208,0.40922,0.24365153548387095
OG0014351,MROH5,two:one,0.04235,0.19643,0.39074,0.4509374238875878
OG0014353,PTK2,two:one,0.0002947,0.04403,0.18344,0.03261107073170732
OG0014382,FAM83A,two:one,0.01557,0.12182,0.3969,0.3189154157303371
OG0014397,TNFRSF11B,two:one,1.496e-06,0.14183,1.17473,0.0005429881599999999
OG0014412,RSPO2,two:one,0.002627,0.04901,0.67924,0.14452407272727272
OG0014422,KLF10,two:one,0.02041,0.14605,0.47615,0.3529353904761905
OG0014481,GGH,two:one,0.04387,0.43547,1.48127,0.4532880136208854
OG0014531,WWP1,two:one,0.03361,0.11752,0.31641,0.4206581241379311
