Category,CategoryID,GO,Description,PARENT_GO,LogP,Enrichment,Z-score,#TotalGeneInLibrary,#GeneInGO,#GeneInHitList,#GeneInGOAndHitList,%InGO,STDV %InGO,GeneID,Hits,Log(q-value),GeneList
GO Biological Processes,19,GO:0006066,alcohol metabolic process,19_GO:0008152 metabolic process,-5.4,4.4,6.2,30293,326,293,14,4.8,1.2,319|335|1581|4598|4864|6609|8877|29881|50700|51109|51635|57704|79087|80271,APOF|APOA1|CYP7A1|MVK|NPC1|SMPD1|SPHK1|NPC1L1|RDH8|RDH11|DHRS7|GBA2|ALG12|ITPKC,-1.1,MyList
GO Biological Processes,19,GO:0008203,cholesterol metabolic process,19_GO:0008152 metabolic process,-4.7,7,6.5,30293,118,293,8,2.7,0.95,319|335|1581|4598|4864|6609|29881|57704,APOF|APOA1|CYP7A1|MVK|NPC1|SMPD1|NPC1L1|GBA2,-1,MyList
GO Biological Processes,19,GO:0044242,cellular lipid catabolic process,19_GO:0008152 metabolic process,-4.7,5.3,6,30293,194,293,10,3.4,1.1,1375|1376|2108|5322|6609|7941|8877|57704|124626|285848,CPT1B|CPT2|ETFA|PLA2G5|SMPD1|PLA2G7|SPHK1|GBA2|ZPBP2|PNPLA1,-1,MyList
GO Biological Processes,19,GO:0010876,lipid localization,19_GO:0051179 localization,-4.6,3.8,5.4,30293,382,293,14,4.8,1.2,319|335|1375|1376|1581|3929|4864|5322|29881|53349|54762|64240|64849|83850,APOF|APOA1|CPT1B|CPT2|CYP7A1|LBP|NPC1|PLA2G5|NPC1L1|ZFYVE1|GRAMD1C|ABCG5|SLC13A3|ESYT3,-1,MyList
GO Biological Processes,19,GO:0006869,lipid transport,19_GO:0051179 localization,-4.4,3.9,5.3,30293,347,293,13,4.4,1.2,319|335|1375|1376|1581|3929|4864|5322|29881|54762|64240|64849|83850,APOF|APOA1|CPT1B|CPT2|CYP7A1|LBP|NPC1|PLA2G5|NPC1L1|GRAMD1C|ABCG5|SLC13A3|ESYT3,-1,MyList
GO Biological Processes,19,GO:1902652,secondary alcohol metabolic process,19_GO:0008152 metabolic process,-4.4,6.4,6.1,30293,129,293,8,2.7,0.95,319|335|1581|4598|4864|6609|29881|57704,APOF|APOA1|CYP7A1|MVK|NPC1|SMPD1|NPC1L1|GBA2,-1,MyList
WikiPathways,27,WP2806,Complement system,,-4.4,7.6,6.4,30293,95,293,7,2.4,0.89,335|719|729|3383|3915|6402|7097,APOA1|C3AR1|C6|ICAM1|LAMC1|SELL|TLR2,-1,MyList
Reactome Gene Sets,6,R-HSA-109582,Hemostasis,,-4.4,3,5,30293,621,293,18,6.1,1.4,197|335|547|914|1521|1608|1795|2623|2817|3655|5055|6402|6850|9123|9672|23186|23303|64145,AHSG|APOA1|KIF1A|CD2|CTSW|DGKG|DOCK3|GATA1|GPC1|ITGA6|SERPINB2|SELL|SYK|SLC16A3|SDC3|RCOR1|KIF13B|RBSN,-1,MyList
GO Biological Processes,19,GO:0016125,sterol metabolic process,19_GO:0008152 metabolic process,-4.3,6.3,6,30293,132,293,8,2.7,0.95,319|335|1581|4598|4864|6609|29881|57704,APOF|APOA1|CYP7A1|MVK|NPC1|SMPD1|NPC1L1|GBA2,-1,MyList
GO Biological Processes,19,GO:0050764,regulation of phagocytosis,19_GO:0051179 localization,-4.3,7.2,6.2,30293,100,293,7,2.4,0.89,197|335|5322|6850|7097|8877|25875,AHSG|APOA1|PLA2G5|SYK|TLR2|SPHK1|LETMD1,-0.98,MyList
WikiPathways,27,WP5304,Cholesterol metabolism,,-4.1,8.6,6.4,30293,72,293,6,2,0.83,335|1581|4598|4864|29881|64240,APOA1|CYP7A1|MVK|NPC1|NPC1L1|ABCG5,-0.93,MyList
WikiPathways,27,WP334,GPCRs class B secretin like,,-4.1,17,7.9,30293,24,293,4,1.4,0.68,976|6344|7433|23266,ADGRE5|SCTR|VIPR1|ADGRL2,-0.93,MyList
GO Biological Processes,19,GO:0120031,plasma membrane bounded cell projection assembly,19_GO:0009987 cellular process,-4.1,3.4,4.9,30293,428,293,14,4.8,1.2,1464|1952|2302|6103|10677|23116|25930|51735|54935|55172|55704|84229|161502|200162,CSPG4|CELSR2|FOXJ1|RPGR|AVIL|TOGARAM1|PTPN23|RAPGEF6|DUSP23|DNAAF2|CCDC88A|DRC7|CFAP161|SPAG17,-0.93,MyList
GO Biological Processes,19,GO:0016310,phosphorylation,19_GO:0008152 metabolic process,-4.1,2.7,4.6,30293,720,293,19,6.5,1.4,660|1608|2064|2185|2263|4598|6850|7097|8814|8877|9344|10595|26524|51284|55277|57600|64080|80271|375449,BMX|DGKG|ERBB2|PTK2B|FGFR2|MVK|SYK|TLR2|CDKL1|SPHK1|TAOK2|ERN2|LATS2|TLR7|FGGY|FNIP2|RBKS|ITPKC|MAST4,-0.93,MyList
GO Biological Processes,19,GO:0034329,cell junction assembly,19_GO:0009987 cellular process,-4,4,5,30293,283,293,11,3.8,1.1,2185|2890|3655|3915|4649|9344|27445|28316|84628|92737|266977,PTK2B|GRIA1|ITGA6|LAMC1|MYO9A|TAOK2|PCLO|CDH20|NTNG2|DNER|ADGRF1,-0.87,MyList
GO Biological Processes,19,GO:0030031,cell projection assembly,19_GO:0009987 cellular process,-3.9,3.3,4.8,30293,441,293,14,4.8,1.2,1464|1952|2302|6103|10677|23116|25930|51735|54935|55172|55704|84229|161502|200162,CSPG4|CELSR2|FOXJ1|RPGR|AVIL|TOGARAM1|PTPN23|RAPGEF6|DUSP23|DNAAF2|CCDC88A|DRC7|CFAP161|SPAG17,-0.87,MyList
GO Biological Processes,19,GO:0016042,lipid catabolic process,19_GO:0008152 metabolic process,-3.9,3.9,5,30293,288,293,11,3.8,1.1,1375|1376|1581|2108|5322|6609|7941|8877|57704|124626|285848,CPT1B|CPT2|CYP7A1|ETFA|PLA2G5|SMPD1|PLA2G7|SPHK1|GBA2|ZPBP2|PNPLA1,-0.85,MyList
KEGG Pathway,24,hsa04979,Cholesterol metabolism,,-3.9,10,6.5,30293,51,293,5,1.7,0.76,335|1581|4864|51129|64240,APOA1|CYP7A1|NPC1|ANGPTL4|ABCG5,-0.85,MyList
GO Biological Processes,19,GO:0030299,intestinal cholesterol absorption,19_GO:0051179 localization,-3.9,28,8.9,30293,11,293,3,1,0.59,4864|29881|64240,NPC1|NPC1L1|ABCG5,-0.85,MyList
GO Biological Processes,19,GO:0034330,cell junction organization,19_GO:0009987 cellular process,-3.6,2.9,4.4,30293,533,293,15,5.1,1.3,2064|2185|2890|3655|3915|4649|8496|9344|11202|11346|27445|28316|84628|92737|266977,ERBB2|PTK2B|GRIA1|ITGA6|LAMC1|MYO9A|PPFIBP1|TAOK2|KLK8|SYNPO|PCLO|CDH20|NTNG2|DNER|ADGRF1,-0.65,MyList
GO Biological Processes,19,GO:0050892,intestinal absorption,19_GO:0051179 localization,-3.6,13,6.7,30293,32,293,4,1.4,0.68,4864|29881|64240|113235,NPC1|NPC1L1|ABCG5|SLC46A1,-0.65,MyList
GO Biological Processes,19,GO:0044782,cilium organization,19_GO:0009987 cellular process,-3.6,3.4,4.5,30293,366,293,12,4.1,1.2,1952|2302|6103|10677|23116|25930|54935|55172|84229|145483|161502|200162,CELSR2|FOXJ1|RPGR|AVIL|TOGARAM1|PTPN23|DUSP23|DNAAF2|DRC7|FAM161B|CFAP161|SPAG17,-0.65,MyList
GO Biological Processes,19,GO:1901615,organic hydroxy compound metabolic process,19_GO:0008152 metabolic process,-3.5,3,4.4,30293,482,293,14,4.8,1.2,319|335|1581|4598|4864|6609|8877|29881|50700|51109|51635|57704|79087|80271,APOF|APOA1|CYP7A1|MVK|NPC1|SMPD1|SPHK1|NPC1L1|RDH8|RDH11|DHRS7|GBA2|ALG12|ITPKC,-0.64,MyList
GO Biological Processes,19,GO:0002690,positive regulation of leukocyte chemotaxis,19_GO:0040011 locomotion,-3.5,6.7,5.4,30293,93,293,6,2,0.83,719|1907|2185|3929|7941|146433,C3AR1|EDN2|PTK2B|LBP|PLA2G7|IL34,-0.64,MyList
GO Biological Processes,19,GO:0098856,intestinal lipid absorption,19_GO:0051179 localization,-3.5,22,7.8,30293,14,293,3,1,0.59,4864|29881|64240,NPC1|NPC1L1|ABCG5,-0.64,MyList
GO Biological Processes,19,GO:0032757,positive regulation of interleukin-8 production,19_GO:0048518 positive regulation of biological process,-3.4,8.2,5.7,30293,63,293,5,1.7,0.76,914|3929|6850|7097|51284,CD2|LBP|SYK|TLR2|TLR7,-0.61,MyList
GO Biological Processes,19,GO:0015850,organic hydroxy compound transport,19_GO:0051179 localization,-3.4,4.6,4.8,30293,180,293,8,2.7,0.95,335|1581|4864|6850|9123|29881|54762|64240,APOA1|CYP7A1|NPC1|SYK|SLC16A3|NPC1L1|GRAMD1C|ABCG5,-0.61,MyList
Reactome Gene Sets,6,R-HSA-556833,Metabolism of lipids,,-3.4,2.5,4.1,30293,746,293,18,6.1,1.4,335|590|660|1375|1376|1581|4598|5322|6609|8877|8897|9256|10390|25979|51129|57704|80205|83850,APOA1|BCHE|BMX|CPT1B|CPT2|CYP7A1|MVK|PLA2G5|SMPD1|SPHK1|MTMR3|TSPOAP1|CEPT1|DHRS7B|ANGPTL4|GBA2|CHD9|ESYT3,-0.61,MyList
WikiPathways,27,WP5333,Enterocyte cholesterol metabolism,,-3.4,11,6.2,30293,36,293,4,1.4,0.68,335|4598|29881|64240,APOA1|MVK|NPC1L1|ABCG5,-0.61,MyList
Reactome Gene Sets,6,R-HSA-8956319,Nucleotide catabolism,,-3.4,11,6.2,30293,36,293,4,1.4,0.68,956|7378|25939|79873,ENTPD3|UPP1|SAMHD1|NUDT18,-0.61,MyList
GO Biological Processes,19,GO:0046466,membrane lipid catabolic process,19_GO:0008152 metabolic process,-3.4,11,6.2,30293,36,293,4,1.4,0.68,6609|8877|57704|124626,SMPD1|SPHK1|GBA2|ZPBP2,-0.61,MyList
GO Biological Processes,19,GO:0060271,cilium assembly,19_GO:0009987 cellular process,-3.4,3.4,4.4,30293,333,293,11,3.8,1.1,1952|2302|6103|10677|23116|25930|54935|55172|84229|161502|200162,CELSR2|FOXJ1|RPGR|AVIL|TOGARAM1|PTPN23|DUSP23|DNAAF2|DRC7|CFAP161|SPAG17,-0.58,MyList
GO Biological Processes,19,GO:0044241,lipid digestion,19_GO:0032501 multicellular organismal process,-3.3,19,7.3,30293,16,293,3,1,0.59,4864|29881|64240,NPC1|NPC1L1|ABCG5,-0.58,MyList
GO Biological Processes,19,GO:0001525,angiogenesis,19_GO:0032502 developmental process,-3.3,3.4,4.3,30293,338,293,11,3.8,1.1,841|1306|1464|1907|2028|2185|2263|6850|51129|51752|64344,CASP8|COL15A1|CSPG4|EDN2|ENPEP|PTK2B|FGFR2|SYK|ANGPTL4|ERAP1|HIF3A,-0.56,MyList
WikiPathways,27,WP3942,PPAR signaling pathway,,-3.3,7.6,5.4,30293,68,293,5,1.7,0.76,335|1375|1376|1581|51129,APOA1|CPT1B|CPT2|CYP7A1|ANGPTL4,-0.55,MyList
WikiPathways,27,WP4462,Platelet mediated interactions with vascular and circulating cells,,-3.3,18,7,30293,17,293,3,1,0.59,3383|7097|51284,ICAM1|TLR2|TLR7,-0.54,MyList
GO Biological Processes,19,GO:0046470,phosphatidylcholine metabolic process,19_GO:0008152 metabolic process,-3.3,7.5,5.3,30293,69,293,5,1.7,0.76,335|5322|7941|10390|25979,APOA1|PLA2G5|PLA2G7|CEPT1|DHRS7B,-0.54,MyList
GO Biological Processes,19,GO:0002687,positive regulation of leukocyte migration,19_GO:0040011 locomotion,-3.2,4.9,4.7,30293,149,293,7,2.4,0.89,719|1907|2185|3383|3929|7941|146433,C3AR1|EDN2|PTK2B|ICAM1|LBP|PLA2G7|IL34,-0.52,MyList
GO Biological Processes,19,GO:0007044,cell-substrate junction assembly,19_GO:0009987 cellular process,-3.2,10,5.8,30293,41,293,4,1.4,0.68,2185|3655|3915|9344,PTK2B|ITGA6|LAMC1|TAOK2,-0.52,MyList
GO Biological Processes,19,GO:0050805,negative regulation of synaptic transmission,19_GO:0048519 negative regulation of biological process,-3.2,10,5.8,30293,41,293,4,1.4,0.68,590|2185|2890|392862,BCHE|PTK2B|GRIA1|GRID2IP,-0.52,MyList
GO Biological Processes,19,GO:0032760,positive regulation of tumor necrosis factor production,19_GO:0048518 positive regulation of biological process,-3.2,5.7,4.8,30293,109,293,6,2,0.83,914|943|3929|6850|7097|10417,CD2|TNFRSF8|LBP|SYK|TLR2|SPON2,-0.52,MyList
GO Biological Processes,19,GO:0032481,positive regulation of type I interferon production,19_GO:0048518 positive regulation of biological process,-3.1,7.1,5.1,30293,73,293,5,1.7,0.76,4321|6850|7097|51284|115004,MMP12|SYK|TLR2|TLR7|CGAS,-0.52,MyList
GO Biological Processes,19,GO:0032365,intracellular lipid transport,19_GO:0051179 localization,-3.1,9.8,5.7,30293,42,293,4,1.4,0.68,1375|1376|4864|54762,CPT1B|CPT2|NPC1|GRAMD1C,-0.52,MyList
GO Biological Processes,19,GO:0008610,lipid biosynthetic process,19_GO:0008152 metabolic process,-3.1,2.6,3.9,30293,594,293,15,5.1,1.3,335|660|1581|1608|1907|4598|6609|8877|8897|10390|25979|29881|50700|80271|285848,APOA1|BMX|CYP7A1|DGKG|EDN2|MVK|SMPD1|SPHK1|MTMR3|CEPT1|DHRS7B|NPC1L1|RDH8|ITPKC|PNPLA1,-0.52,MyList
GO Biological Processes,19,GO:0060292,long-term synaptic depression,19_GO:0048519 negative regulation of biological process,-3.1,16,6.6,30293,19,293,3,1,0.59,2185|2890|392862,PTK2B|GRIA1|GRID2IP,-0.52,MyList
Reactome Gene Sets,6,R-HSA-422085,"Synthesis, secretion, and deacylation of Ghrelin",,-3.1,16,6.6,30293,19,293,3,1,0.59,590|2641|7941,BCHE|GCG|PLA2G7,-0.52,MyList
GO Biological Processes,19,GO:0150115,cell-substrate junction organization,19_GO:0009987 cellular process,-3.1,9.6,5.6,30293,43,293,4,1.4,0.68,2185|3655|3915|9344,PTK2B|ITGA6|LAMC1|TAOK2,-0.52,MyList
KEGG Pathway,24,hsa04975,Fat digestion and absorption,,-3.1,9.6,5.6,30293,43,293,4,1.4,0.68,335|5322|29881|64240,APOA1|PLA2G5|NPC1L1|ABCG5,-0.52,MyList
GO Biological Processes,19,GO:0051056,regulation of small GTPase mediated signal transduction,19_GO:0050896 response to stimulus,-3.1,3.4,4.2,30293,303,293,10,3.4,1.1,335|1795|2064|4649|8437|9828|55701|55738|57514|64926,APOA1|DOCK3|ERBB2|MYO9A|RASAL1|ARHGEF17|ARHGEF40|ARFGAP1|ARHGAP31|RASAL3,-0.52,MyList
KEGG Pathway,24,hsa03320,PPAR signaling pathway,,-3.1,6.9,5,30293,75,293,5,1.7,0.76,335|1375|1376|1581|51129,APOA1|CPT1B|CPT2|CYP7A1|ANGPTL4,-0.52,MyList
GO Biological Processes,19,GO:1903557,positive regulation of tumor necrosis factor superfamily cytokine production,19_GO:0048518 positive regulation of biological process,-3.1,5.5,4.7,30293,113,293,6,2,0.83,914|943|3929|6850|7097|10417,CD2|TNFRSF8|LBP|SYK|TLR2|SPON2,-0.52,MyList
GO Biological Processes,19,GO:0006644,phospholipid metabolic process,19_GO:0008152 metabolic process,-3.1,3.2,4.1,30293,360,293,11,3.8,1.1,335|660|1608|4598|5322|6609|7941|8897|10390|25979|80271,APOA1|BMX|DGKG|MVK|PLA2G5|SMPD1|PLA2G7|MTMR3|CEPT1|DHRS7B|ITPKC,-0.52,MyList
Reactome Gene Sets,6,R-HSA-975634,Retinoid metabolism and transport,,-3.1,9.4,5.5,30293,44,293,4,1.4,0.68,335|2817|9672|51109,APOA1|GPC1|SDC3|RDH11,-0.52,MyList
GO Biological Processes,19,GO:0043408,regulation of MAPK cascade,19_GO:0050896 response to stimulus,-3.1,2.5,3.8,30293,669,293,16,5.5,1.3,1464|1687|2064|2185|2263|2641|3383|5187|5322|6609|6850|8877|9344|10886|57053|146433,CSPG4|GSDME|ERBB2|PTK2B|FGFR2|GCG|ICAM1|PER1|PLA2G5|SMPD1|SYK|SPHK1|TAOK2|NPFFR2|CHRNA10|IL34,-0.52,MyList
Reactome Gene Sets,6,R-HSA-4420332,Defective B3GALT6 causes EDSP2 and SEMDJL1,,-3,16,6.4,30293,20,293,3,1,0.59,1464|2817|9672,CSPG4|GPC1|SDC3,-0.52,MyList
Reactome Gene Sets,6,R-HSA-3560801,Defective B3GAT3 causes JDSSDHD,,-3,16,6.4,30293,20,293,3,1,0.59,1464|2817|9672,CSPG4|GPC1|SDC3,-0.52,MyList
Reactome Gene Sets,6,R-HSA-3560783,"Defective B4GALT7 causes EDS, progeroid type",,-3,16,6.4,30293,20,293,3,1,0.59,1464|2817|9672,CSPG4|GPC1|SDC3,-0.52,MyList
KEGG Pathway,24,hsa04514,Cell adhesion molecules,,-3,4.6,4.5,30293,158,293,7,2.4,0.89,914|925|3383|3655|6402|9672|84628,CD2|CD8A|ICAM1|ITGA6|SELL|SDC3|NTNG2,-0.52,MyList
GO Biological Processes,19,GO:0031344,regulation of cell projection organization,19_GO:0050789 regulation of biological process,-3,2.5,3.8,30293,672,293,16,5.5,1.3,322|547|1608|2185|3383|3655|4649|8814|10300|10501|10677|23303|55704|79874|84260|84628,APBB1|KIF1A|DGKG|PTK2B|ICAM1|ITGA6|MYO9A|CDKL1|KATNB1|SEMA6B|AVIL|KIF13B|CCDC88A|RABEP2|TCHP|NTNG2,-0.52,MyList
GO Biological Processes,19,GO:0022600,digestive system process,19_GO:0032501 multicellular organismal process,-3,6.6,4.9,30293,78,293,5,1.7,0.76,3587|4864|29881|64240|113235,IL10RA|NPC1|NPC1L1|ABCG5|SLC46A1,-0.52,MyList
GO Biological Processes,19,GO:0050727,regulation of inflammatory response,19_GO:0050896 response to stimulus,-3,2.9,3.9,30293,425,293,12,4.1,1.2,197|335|3587|3929|4598|6850|7097|7941|8877|25807|25875|51284,AHSG|APOA1|IL10RA|LBP|MVK|SYK|TLR2|PLA2G7|SPHK1|RHBDD3|LETMD1|TLR7,-0.52,MyList
GO Biological Processes,19,GO:0008202,steroid metabolic process,19_GO:0008152 metabolic process,-3,3.6,4.2,30293,258,293,9,3.1,1,319|335|1581|4598|4864|6609|29881|50700|57704,APOF|APOA1|CYP7A1|MVK|NPC1|SMPD1|NPC1L1|RDH8|GBA2,-0.52,MyList
GO Biological Processes,19,GO:0030502,negative regulation of bone mineralization,19_GO:0032502 developmental process,-3,15,6.2,30293,21,293,3,1,0.59,197|2185|2623,AHSG|PTK2B|GATA1,-0.51,MyList
Reactome Gene Sets,6,R-HSA-5686938,Regulation of TLR by endogenous ligand,,-3,15,6.2,30293,21,293,3,1,0.59,1687|3929|7097,GSDME|LBP|TLR2,-0.51,MyList
WikiPathways,27,WP4884,Pathogenesis of SARS CoV 2 mediated by nsp9 nsp10 complex,,-3,15,6.2,30293,21,293,3,1,0.59,914|925|3929,CD2|CD8A|LBP,-0.51,MyList
GO Biological Processes,19,GO:0006468,protein phosphorylation,19_GO:0008152 metabolic process,-3,2.7,3.8,30293,490,293,13,4.4,1.2,660|2064|2185|2263|6850|7097|8814|9344|10595|26524|51284|57600|375449,BMX|ERBB2|PTK2B|FGFR2|SYK|TLR2|CDKL1|TAOK2|ERN2|LATS2|TLR7|FNIP2|MAST4,-0.51,MyList
GO Biological Processes,19,GO:0035239,tube morphogenesis,19_GO:0032502 developmental process,-3,2.4,3.7,30293,682,293,16,5.5,1.3,317|841|1306|1464|1907|2028|2185|2263|6299|6850|7049|8914|51129|51752|57669|64344,APAF1|CASP8|COL15A1|CSPG4|EDN2|ENPEP|PTK2B|FGFR2|SALL1|SYK|TGFBR3|TIMELESS|ANGPTL4|ERAP1|EPB41L5|HIF3A,-0.51,MyList
GO Biological Processes,19,GO:0048514,blood vessel morphogenesis,19_GO:0032502 developmental process,-3,2.9,3.9,30293,431,293,12,4.1,1.2,841|1306|1464|1907|2028|2185|2263|6850|7049|51129|51752|64344,CASP8|COL15A1|CSPG4|EDN2|ENPEP|PTK2B|FGFR2|SYK|TGFBR3|ANGPTL4|ERAP1|HIF3A,-0.51,MyList
Reactome Gene Sets,6,R-HSA-6806667,Metabolism of fat-soluble vitamins,,-2.9,8.6,5.2,30293,48,293,4,1.4,0.68,335|2817|9672|51109,APOA1|GPC1|SDC3|RDH11,-0.48,MyList
GO Biological Processes,19,GO:0042327,positive regulation of phosphorylation,19_GO:0048518 positive regulation of biological process,-2.9,2.5,3.7,30293,627,293,15,5.1,1.3,1464|2064|2185|2263|2623|2641|3655|4361|6850|8877|9344|55704|57091|57600|146433,CSPG4|ERBB2|PTK2B|FGFR2|GATA1|GCG|ITGA6|MRE11|SYK|SPHK1|TAOK2|CCDC88A|CASS4|FNIP2|IL34,-0.46,MyList
GO Biological Processes,19,GO:0002688,regulation of leukocyte chemotaxis,19_GO:0040011 locomotion,-2.9,5,4.4,30293,123,293,6,2,0.83,719|1907|2185|3929|7941|146433,C3AR1|EDN2|PTK2B|LBP|PLA2G7|IL34,-0.46,MyList
GO Biological Processes,19,GO:0030258,lipid modification,19_GO:0008152 metabolic process,-2.9,4.3,4.2,30293,168,293,7,2.4,0.89,1375|1376|1608|2108|7941|8897|57704,CPT1B|CPT2|DGKG|ETFA|PLA2G7|MTMR3|GBA2,-0.46,MyList
GO Biological Processes,19,GO:0002697,regulation of immune effector process,19_GO:0002376 immune system process,-2.9,3,3.8,30293,383,293,11,3.8,1.1,335|2302|2623|3383|3929|5322|6850|10417|51284|115004|124626,APOA1|FOXJ1|GATA1|ICAM1|LBP|PLA2G5|SYK|SPON2|TLR7|CGAS|ZPBP2,-0.45,MyList
GO Biological Processes,19,GO:0042063,gliogenesis,19_GO:0032502 developmental process,-2.9,3.4,4,30293,271,293,9,3.1,1,1464|2064|2185|2817|4665|7097|54468|92737|146433,CSPG4|ERBB2|PTK2B|GPC1|NAB2|TLR2|MIOS|DNER|IL34,-0.45,MyList
Reactome Gene Sets,6,R-HSA-1793185,Chondroitin sulfate/dermatan sulfate metabolism,,-2.9,8.3,5.1,30293,50,293,4,1.4,0.68,1464|2817|9672|29940,CSPG4|GPC1|SDC3|DSE,-0.45,MyList
GO Biological Processes,19,GO:0001578,microtubule bundle formation,19_GO:0009987 cellular process,-2.9,5,4.4,30293,125,293,6,2,0.83,2302|23116|55172|84229|200162|284076,FOXJ1|TOGARAM1|DNAAF2|DRC7|SPAG17|TTLL6,-0.45,MyList
GO Biological Processes,19,GO:0045937,positive regulation of phosphate metabolic process,19_GO:0048518 positive regulation of biological process,-2.8,2.3,3.6,30293,704,293,16,5.5,1.3,1464|2064|2185|2263|2623|2641|3655|4361|6609|6850|8877|9344|55704|57091|57600|146433,CSPG4|ERBB2|PTK2B|FGFR2|GATA1|GCG|ITGA6|MRE11|SMPD1|SYK|SPHK1|TAOK2|CCDC88A|CASS4|FNIP2|IL34,-0.43,MyList
GO Biological Processes,19,GO:0010562,positive regulation of phosphorus metabolic process,19_GO:0048518 positive regulation of biological process,-2.8,2.3,3.6,30293,704,293,16,5.5,1.3,1464|2064|2185|2263|2623|2641|3655|4361|6609|6850|8877|9344|55704|57091|57600|146433,CSPG4|ERBB2|PTK2B|FGFR2|GATA1|GCG|ITGA6|MRE11|SMPD1|SYK|SPHK1|TAOK2|CCDC88A|CASS4|FNIP2|IL34,-0.43,MyList
GO Biological Processes,19,GO:0032288,myelin assembly,19_GO:0032502 developmental process,-2.8,13,5.8,30293,24,293,3,1,0.59,2817|7097|54468,GPC1|TLR2|MIOS,-0.42,MyList
GO Biological Processes,19,GO:0015918,sterol transport,19_GO:0051179 localization,-2.8,5.9,4.6,30293,87,293,5,1.7,0.76,335|4864|29881|54762|64240,APOA1|NPC1|NPC1L1|GRAMD1C|ABCG5,-0.42,MyList
GO Biological Processes,19,GO:0030335,positive regulation of cell migration,19_GO:0040011 locomotion,-2.8,2.5,3.6,30293,579,293,14,4.8,1.2,719|1907|2185|3383|3655|3929|7049|7941|8877|10501|57091|57669|79567|146433,C3AR1|EDN2|PTK2B|ICAM1|ITGA6|LBP|TGFBR3|PLA2G7|SPHK1|SEMA6B|CASS4|EPB41L5|RIPOR1|IL34,-0.41,MyList
GO Biological Processes,19,GO:0055088,lipid homeostasis,19_GO:0042592 homeostatic process,-2.8,4.1,4.1,30293,176,293,7,2.4,0.89,335|1581|4864|29881|51129|64240|285848,APOA1|CYP7A1|NPC1|NPC1L1|ANGPTL4|ABCG5|PNPLA1,-0.41,MyList
Reactome Gene Sets,6,R-HSA-2980736,Peptide hormone metabolism,,-2.8,5.8,4.5,30293,89,293,5,1.7,0.76,590|2028|2641|7941|23265,BCHE|ENPEP|GCG|PLA2G7|EXOC7,-0.41,MyList
GO Biological Processes,19,GO:0006656,phosphatidylcholine biosynthetic process,19_GO:0008152 metabolic process,-2.8,12,5.6,30293,25,293,3,1,0.59,335|10390|25979,APOA1|CEPT1|DHRS7B,-0.41,MyList
WikiPathways,27,WP2865,IL1 and megakaryocytes in obesity,,-2.8,12,5.6,30293,25,293,3,1,0.59,3383|7097|7941,ICAM1|TLR2|PLA2G7,-0.41,MyList
GO Biological Processes,19,GO:0031579,membrane raft organization,19_GO:0009987 cellular process,-2.8,12,5.6,30293,25,293,3,1,0.59,914|4034|4864,CD2|LRCH4|NPC1,-0.41,MyList
WikiPathways,27,WP4725,Sphingolipid metabolism overview,,-2.8,12,5.6,30293,25,293,3,1,0.59,6609|8877|57704,SMPD1|SPHK1|GBA2,-0.41,MyList
GO Biological Processes,19,GO:0015711,organic anion transport,19_GO:0051179 localization,-2.8,2.9,3.7,30293,396,293,11,3.8,1.1,1375|1376|1581|5322|8501|9123|9197|10955|57835|64849|113235,CPT1B|CPT2|CYP7A1|PLA2G5|SLC43A1|SLC16A3|SLC33A1|SERINC3|SLC4A5|SLC13A3|SLC46A1,-0.41,MyList
KEGG Pathway,24,hsa05152,Tuberculosis,,-2.7,4,4,30293,180,293,7,2.4,0.89,317|841|3587|3929|6850|7097|8877,APAF1|CASP8|IL10RA|LBP|SYK|TLR2|SPHK1,-0.39,MyList
WikiPathways,27,WP2878,PPAR alpha pathway,,-2.7,12,5.5,30293,26,293,3,1,0.59,335|1376|1581,APOA1|CPT2|CYP7A1,-0.39,MyList
Reactome Gene Sets,6,R-HSA-1971475,A tetrasaccharide linker sequence is required for GAG synthesis,,-2.7,12,5.5,30293,26,293,3,1,0.59,1464|2817|9672,CSPG4|GPC1|SDC3,-0.39,MyList
GO Biological Processes,19,GO:0120035,regulation of plasma membrane bounded cell projection organization,19_GO:0050789 regulation of biological process,-2.7,2.4,3.5,30293,656,293,15,5.1,1.3,322|547|1608|2185|3383|3655|8814|10300|10501|10677|23303|55704|79874|84260|84628,APBB1|KIF1A|DGKG|PTK2B|ICAM1|ITGA6|CDKL1|KATNB1|SEMA6B|AVIL|KIF13B|CCDC88A|RABEP2|TCHP|NTNG2,-0.39,MyList
GO Biological Processes,19,GO:0044283,small molecule biosynthetic process,19_GO:0008152 metabolic process,-2.7,2.7,3.6,30293,463,293,12,4.1,1.2,335|1581|1907|2641|4598|5322|6850|8877|10955|29881|29940|80271,APOA1|CYP7A1|EDN2|GCG|MVK|PLA2G5|SYK|SPHK1|SERINC3|NPC1L1|DSE|ITPKC,-0.39,MyList
GO Biological Processes,19,GO:0001568,blood vessel development,19_GO:0032502 developmental process,-2.7,2.6,3.6,30293,526,293,13,4.4,1.2,841|1306|1464|1907|2028|2185|2263|6850|7049|8877|51129|51752|64344,CASP8|COL15A1|CSPG4|EDN2|ENPEP|PTK2B|FGFR2|SYK|TGFBR3|SPHK1|ANGPTL4|ERAP1|HIF3A,-0.39,MyList
GO Biological Processes,19,GO:0060627,regulation of vesicle-mediated transport,19_GO:0051179 localization,-2.7,2.5,3.5,30293,529,293,13,4.4,1.2,197|335|2623|5322|6609|6850|7097|8877|25875|25930|27445|55738|112476,AHSG|APOA1|GATA1|PLA2G5|SMPD1|SYK|TLR2|SPHK1|LETMD1|PTPN23|PCLO|ARFGAP1|PRRT2,-0.38,MyList
GO Biological Processes,19,GO:0046434,organophosphate catabolic process,19_GO:0008152 metabolic process,-2.7,4,4,30293,183,293,7,2.4,0.89,956|5322|6609|7378|7941|25939|79873,ENTPD3|PLA2G5|SMPD1|UPP1|PLA2G7|SAMHD1|NUDT18,-0.38,MyList
KEGG Pathway,24,hsa05134,Legionellosis,,-2.7,7.4,4.7,30293,56,293,4,1.4,0.68,317|841|7097|10767,APAF1|CASP8|TLR2|HBS1L,-0.38,MyList
GO Biological Processes,19,GO:0046165,alcohol biosynthetic process,19_GO:0008152 metabolic process,-2.7,5.6,4.4,30293,93,293,5,1.7,0.76,335|4598|8877|29881|80271,APOA1|MVK|SPHK1|NPC1L1|ITPKC,-0.38,MyList
GO Biological Processes,19,GO:0006650,glycerophospholipid metabolic process,19_GO:0008152 metabolic process,-2.7,3.2,3.7,30293,290,293,9,3.1,1,335|660|1608|5322|7941|8897|10390|25979|80271,APOA1|BMX|DGKG|PLA2G5|PLA2G7|MTMR3|CEPT1|DHRS7B|ITPKC,-0.38,MyList
GO Biological Processes,19,GO:0034660,ncRNA metabolic process,19_GO:0008152 metabolic process,-2.7,2.5,3.5,30293,532,293,13,4.4,1.2,705|9014|10302|10595|10849|10940|23264|23438|23536|27079|27304|60528|152992,BYSL|TAF1B|SNAPC5|ERN2|POLR1G|POP1|ZC3H7B|HARS2|ADAT1|RPUSD2|MOCS3|ELAC2|TRMT44,-0.38,MyList
GO Biological Processes,19,GO:0010758,regulation of macrophage chemotaxis,19_GO:0040011 locomotion,-2.7,11,5.4,30293,27,293,3,1,0.59,719|2185|146433,C3AR1|PTK2B|IL34,-0.38,MyList
Reactome Gene Sets,6,R-HSA-202733,Cell surface interactions at the vascular wall,,-2.7,4.5,4.1,30293,137,293,6,2,0.83,914|2817|3655|6402|9123|9672,CD2|GPC1|ITGA6|SELL|SLC16A3|SDC3,-0.38,MyList
GO Biological Processes,19,GO:0030100,regulation of endocytosis,19_GO:0051179 localization,-2.6,3.2,3.7,30293,292,293,9,3.1,1,197|335|5322|6609|6850|7097|8877|25875|55738,AHSG|APOA1|PLA2G5|SMPD1|SYK|TLR2|SPHK1|LETMD1|ARFGAP1,-0.37,MyList
GO Biological Processes,19,GO:0060759,regulation of response to cytokine stimulus,19_GO:0050896 response to stimulus,-2.6,3.9,3.9,30293,187,293,7,2.4,0.89,335|841|4321|6850|7097|8877|25939,APOA1|CASP8|MMP12|SYK|TLR2|SPHK1|SAMHD1,-0.37,MyList
GO Biological Processes,19,GO:0008654,phospholipid biosynthetic process,19_GO:0008152 metabolic process,-2.6,3.5,3.8,30293,239,293,8,2.7,0.95,335|660|1608|4598|8897|10390|25979|80271,APOA1|BMX|DGKG|MVK|MTMR3|CEPT1|DHRS7B|ITPKC,-0.37,MyList
GO Biological Processes,19,GO:0043410,positive regulation of MAPK cascade,19_GO:0048518 positive regulation of biological process,-2.6,2.6,3.5,30293,474,293,12,4.1,1.2,1464|1687|2064|2185|2263|2641|3383|5322|6850|8877|9344|146433,CSPG4|GSDME|ERBB2|PTK2B|FGFR2|GCG|ICAM1|PLA2G5|SYK|SPHK1|TAOK2|IL34,-0.37,MyList
GO Biological Processes,19,GO:0035082,axoneme assembly,19_GO:0009987 cellular process,-2.6,5.4,4.3,30293,96,293,5,1.7,0.76,2302|23116|55172|84229|200162,FOXJ1|TOGARAM1|DNAAF2|DRC7|SPAG17,-0.37,MyList
GO Biological Processes,19,GO:0009264,deoxyribonucleotide catabolic process,19_GO:0008152 metabolic process,-2.6,11,5.3,30293,28,293,3,1,0.59,7378|25939|79873,UPP1|SAMHD1|NUDT18,-0.37,MyList
GO Biological Processes,19,GO:0046386,deoxyribose phosphate catabolic process,19_GO:0008152 metabolic process,-2.6,11,5.3,30293,28,293,3,1,0.59,7378|25939|79873,UPP1|SAMHD1|NUDT18,-0.37,MyList
GO Biological Processes,19,GO:0033344,cholesterol efflux,19_GO:0051179 localization,-2.6,11,5.3,30293,28,293,3,1,0.59,335|4864|64240,APOA1|NPC1|ABCG5,-0.37,MyList
GO Biological Processes,19,GO:0032989,cellular anatomical entity morphogenesis,19_GO:0032502 developmental process,-2.6,2.4,3.4,30293,605,293,14,4.8,1.2,322|1907|1952|2064|2263|2817|7097|9344|10501|11202|54468|55701|84628|124626,APBB1|EDN2|CELSR2|ERBB2|FGFR2|GPC1|TLR2|TAOK2|SEMA6B|KLK8|MIOS|ARHGEF40|NTNG2|ZPBP2,-0.37,MyList
GO Biological Processes,19,GO:2000147,positive regulation of cell motility,19_GO:0040011 locomotion,-2.6,2.4,3.4,30293,606,293,14,4.8,1.2,719|1907|2185|3383|3655|3929|7049|7941|8877|10501|57091|57669|79567|146433,C3AR1|EDN2|PTK2B|ICAM1|ITGA6|LBP|TGFBR3|PLA2G7|SPHK1|SEMA6B|CASS4|EPB41L5|RIPOR1|IL34,-0.37,MyList
GO Biological Processes,19,GO:0046486,glycerolipid metabolic process,19_GO:0008152 metabolic process,-2.6,2.9,3.6,30293,355,293,10,3.4,1.1,335|660|1608|5322|7941|8897|10390|25979|80271|285848,APOA1|BMX|DGKG|PLA2G5|PLA2G7|MTMR3|CEPT1|DHRS7B|ITPKC|PNPLA1,-0.36,MyList
GO Biological Processes,19,GO:1901361,organic cyclic compound catabolic process,19_GO:0008152 metabolic process,-2.6,2.7,3.5,30293,417,293,11,3.8,1.1,956|1581|7378|10595|10767|10940|23293|25939|55821|60528|79873,ENTPD3|CYP7A1|UPP1|ERN2|HBS1L|POP1|SMG6|SAMHD1|ALLC|ELAC2|NUDT18,-0.36,MyList
GO Biological Processes,19,GO:0050921,positive regulation of chemotaxis,19_GO:0040011 locomotion,-2.6,4.4,4,30293,142,293,6,2,0.83,719|1907|2185|3929|7941|146433,C3AR1|EDN2|PTK2B|LBP|PLA2G7|IL34,-0.36,MyList
GO Biological Processes,19,GO:1905039,carboxylic acid transmembrane transport,19_GO:0051179 localization,-2.6,4.4,4,30293,142,293,6,2,0.83,1375|1376|8501|9123|64849|113235,CPT1B|CPT2|SLC43A1|SLC16A3|SLC13A3|SLC46A1,-0.36,MyList
GO Biological Processes,19,GO:0030282,bone mineralization,19_GO:0032502 developmental process,-2.6,6.9,4.5,30293,60,293,4,1.4,0.68,2263|2623|7071|9923,FGFR2|GATA1|KLF10|ZBTB40,-0.36,MyList
GO Biological Processes,19,GO:0001944,vasculature development,19_GO:0032502 developmental process,-2.6,2.5,3.4,30293,546,293,13,4.4,1.2,841|1306|1464|1907|2028|2185|2263|6850|7049|8877|51129|51752|64344,CASP8|COL15A1|CSPG4|EDN2|ENPEP|PTK2B|FGFR2|SYK|TGFBR3|SPHK1|ANGPTL4|ERAP1|HIF3A,-0.36,MyList
GO Biological Processes,19,GO:1903825,organic acid transmembrane transport,19_GO:0051179 localization,-2.6,4.3,4,30293,143,293,6,2,0.83,1375|1376|8501|9123|64849|113235,CPT1B|CPT2|SLC43A1|SLC16A3|SLC13A3|SLC46A1,-0.36,MyList
GO Biological Processes,19,GO:0000902,cell morphogenesis,19_GO:0032502 developmental process,-2.6,2.3,3.3,30293,680,293,15,5.1,1.3,322|1907|1952|2064|2263|2623|9344|10501|11202|26524|28316|55701|57669|84628|157657,APBB1|EDN2|CELSR2|ERBB2|FGFR2|GATA1|TAOK2|SEMA6B|KLK8|LATS2|CDH20|ARHGEF40|EPB41L5|NTNG2|CFAP418,-0.36,MyList
GO Biological Processes,19,GO:0019725,cellular homeostasis,19_GO:0042592 homeostatic process,-2.6,2.3,3.3,30293,680,293,15,5.1,1.3,1581|1907|2890|3383|5029|6344|9256|26056|55177|55277|57835|84181|113235|220002|392862,CYP7A1|EDN2|GRIA1|ICAM1|P2RY2|SCTR|TSPOAP1|RAB11FIP5|RMDN3|FGGY|SLC4A5|CHD6|SLC46A1|CYB561A3|GRID2IP,-0.36,MyList
GO Biological Processes,19,GO:0046942,carboxylic acid transport,19_GO:0051179 localization,-2.5,3.1,3.6,30293,304,293,9,3.1,1,1375|1376|1581|5322|8501|9123|10955|64849|113235,CPT1B|CPT2|CYP7A1|PLA2G5|SLC43A1|SLC16A3|SERINC3|SLC13A3|SLC46A1,-0.34,MyList
GO Biological Processes,19,GO:0002833,positive regulation of response to biotic stimulus,19_GO:0048518 positive regulation of biological process,-2.5,3.1,3.6,30293,304,293,9,3.1,1,1687|3929|4034|4321|5322|6850|7097|51284|115004,GSDME|LBP|LRCH4|MMP12|PLA2G5|SYK|TLR2|TLR7|CGAS,-0.34,MyList
GO Biological Processes,19,GO:0070168,negative regulation of biomineral tissue development,19_GO:0032502 developmental process,-2.5,10,5.1,30293,30,293,3,1,0.59,197|2185|2623,AHSG|PTK2B|GATA1,-0.34,MyList
GO Biological Processes,19,GO:0030149,sphingolipid catabolic process,19_GO:0008152 metabolic process,-2.5,10,5.1,30293,30,293,3,1,0.59,6609|8877|57704,SMPD1|SPHK1|GBA2,-0.34,MyList
GO Biological Processes,19,GO:0042632,cholesterol homeostasis,19_GO:0042592 homeostatic process,-2.5,5.1,4.1,30293,101,293,5,1.7,0.76,335|1581|4864|29881|64240,APOA1|CYP7A1|NPC1|NPC1L1|ABCG5,-0.34,MyList
GO Biological Processes,19,GO:0032755,positive regulation of interleukin-6 production,19_GO:0048518 positive regulation of biological process,-2.5,5.1,4.1,30293,101,293,5,1.7,0.76,3929|6850|7097|10417|51284,LBP|SYK|TLR2|SPON2|TLR7,-0.34,MyList
GO Biological Processes,19,GO:0015849,organic acid transport,19_GO:0051179 localization,-2.5,3.1,3.6,30293,305,293,9,3.1,1,1375|1376|1581|5322|8501|9123|10955|64849|113235,CPT1B|CPT2|CYP7A1|PLA2G5|SLC43A1|SLC16A3|SERINC3|SLC13A3|SLC46A1,-0.34,MyList
GO Biological Processes,19,GO:0042116,macrophage activation,19_GO:0002376 immune system process,-2.5,6.7,4.4,30293,62,293,4,1.4,0.68,1907|3929|6850|7097,EDN2|LBP|SYK|TLR2,-0.34,MyList
GO Biological Processes,19,GO:0040017,positive regulation of locomotion,19_GO:0040011 locomotion,-2.5,2.3,3.3,30293,620,293,14,4.8,1.2,719|1907|2185|3383|3655|3929|7049|7941|8877|10501|57091|57669|79567|146433,C3AR1|EDN2|PTK2B|ICAM1|ITGA6|LBP|TGFBR3|PLA2G7|SPHK1|SEMA6B|CASS4|EPB41L5|RIPOR1|IL34,-0.34,MyList
GO Biological Processes,19,GO:0055092,sterol homeostasis,19_GO:0042592 homeostatic process,-2.5,5.1,4.1,30293,102,293,5,1.7,0.76,335|1581|4864|29881|64240,APOA1|CYP7A1|NPC1|NPC1L1|ABCG5,-0.34,MyList
GO Biological Processes,19,GO:0032677,regulation of interleukin-8 production,19_GO:0032501 multicellular organismal process,-2.5,5.1,4.1,30293,102,293,5,1.7,0.76,914|3929|6850|7097|51284,CD2|LBP|SYK|TLR2|TLR7,-0.34,MyList
GO Biological Processes,19,GO:0045088,regulation of innate immune response,19_GO:0044419 biological process involved in interspecies interaction between organisms,-2.5,2.7,3.4,30293,428,293,11,3.8,1.1,841|3929|4034|4321|5322|6850|7097|25939|51284|51752|115004,CASP8|LBP|LRCH4|MMP12|PLA2G5|SYK|TLR2|SAMHD1|TLR7|ERAP1|CGAS,-0.34,MyList
GO Biological Processes,19,GO:0032103,positive regulation of response to external stimulus,19_GO:0048518 positive regulation of biological process,-2.5,2.4,3.3,30293,557,293,13,4.4,1.2,719|1907|2185|3929|4034|4321|5322|6850|7097|7941|51284|115004|146433,C3AR1|EDN2|PTK2B|LBP|LRCH4|MMP12|PLA2G5|SYK|TLR2|PLA2G7|TLR7|CGAS|IL34,-0.34,MyList
GO Biological Processes,19,GO:0010803,regulation of tumor necrosis factor-mediated signaling pathway,19_GO:0050896 response to stimulus,-2.5,6.6,4.4,30293,63,293,4,1.4,0.68,335|841|6850|8877,APOA1|CASP8|SYK|SPHK1,-0.34,MyList
GO Biological Processes,19,GO:0034369,plasma lipoprotein particle remodeling,19_GO:0032501 multicellular organismal process,-2.5,10,5,30293,31,293,3,1,0.59,335|5322|7941,APOA1|PLA2G5|PLA2G7,-0.34,MyList
GO Biological Processes,19,GO:0034368,protein-lipid complex remodeling,19_GO:0009987 cellular process,-2.5,10,5,30293,31,293,3,1,0.59,335|5322|7941,APOA1|PLA2G5|PLA2G7,-0.34,MyList
WikiPathways,27,WP430,Statin inhibition of cholesterol production,,-2.5,10,5,30293,31,293,3,1,0.59,335|1581|64240,APOA1|CYP7A1|ABCG5,-0.34,MyList
GO Biological Processes,19,GO:0046474,glycerophospholipid biosynthetic process,19_GO:0008152 metabolic process,-2.5,3.6,3.7,30293,199,293,7,2.4,0.89,335|660|1608|8897|10390|25979|80271,APOA1|BMX|DGKG|MTMR3|CEPT1|DHRS7B|ITPKC,-0.34,MyList
GO Biological Processes,19,GO:0046700,heterocycle catabolic process,19_GO:0008152 metabolic process,-2.5,2.8,3.4,30293,369,293,10,3.4,1.1,956|7378|10595|10767|10940|23293|25939|55821|60528|79873,ENTPD3|UPP1|ERN2|HBS1L|POP1|SMG6|SAMHD1|ALLC|ELAC2|NUDT18,-0.34,MyList
GO Biological Processes,19,GO:0008283,cell population proliferation,19_GO:0009987 cellular process,-2.5,2.2,3.2,30293,696,293,15,5.1,1.3,335|705|2028|2064|2185|2263|2623|4361|6574|7049|8877|10973|11202|54468|146433,APOA1|BYSL|ENPEP|ERBB2|PTK2B|FGFR2|GATA1|MRE11|SLC20A1|TGFBR3|SPHK1|ASCC3|KLK8|MIOS|IL34,-0.34,MyList
GO Biological Processes,19,GO:0031214,biomineral tissue development,19_GO:0032502 developmental process,-2.5,5,4,30293,104,293,5,1.7,0.76,2263|2623|6574|7071|9923,FGFR2|GATA1|SLC20A1|KLF10|ZBTB40,-0.34,MyList
Reactome Gene Sets,6,R-HSA-2187338,Visual phototransduction,,-2.5,5,4,30293,104,293,5,1.7,0.76,335|2817|9672|50700|51109,APOA1|GPC1|SDC3|RDH8|RDH11,-0.34,MyList
GO Biological Processes,19,GO:0045639,positive regulation of myeloid cell differentiation,19_GO:0002376 immune system process,-2.4,4.9,4,30293,105,293,5,1.7,0.76,841|2623|7071|23186|146433,CASP8|GATA1|KLF10|RCOR1|IL34,-0.32,MyList
GO Biological Processes,19,GO:0018108,peptidyl-tyrosine phosphorylation,19_GO:0008152 metabolic process,-2.4,6.4,4.3,30293,65,293,4,1.4,0.68,2064|2185|2263|6850,ERBB2|PTK2B|FGFR2|SYK,-0.32,MyList
WikiPathways,27,WP2882,Nuclear receptors meta pathway,,-2.4,3,3.5,30293,314,293,9,3.1,1,335|1376|1581|1907|5055|7049|51129|64240|92737,APOA1|CPT2|CYP7A1|EDN2|SERPINB2|TGFBR3|ANGPTL4|ABCG5|DNER,-0.32,MyList
GO Biological Processes,19,GO:0001819,positive regulation of cytokine production,19_GO:0048518 positive regulation of biological process,-2.4,2.5,3.3,30293,503,293,12,4.1,1.2,719|841|914|943|3929|4321|6850|7097|8877|10417|51284|115004,C3AR1|CASP8|CD2|TNFRSF8|LBP|MMP12|SYK|TLR2|SPHK1|SPON2|TLR7|CGAS,-0.3,MyList
WikiPathways,27,WP5090,Complement system in neuronal development and plasticity,,-2.4,4.8,3.9,30293,107,293,5,1.7,0.76,317|719|729|732|841,APAF1|C3AR1|C6|C8B|CASP8,-0.3,MyList
Reactome Gene Sets,6,R-HSA-420092,Glucagon-type ligand receptors,,-2.4,9.4,4.8,30293,33,293,3,1,0.59,2641|6344|7433,GCG|SCTR|VIPR1,-0.3,MyList
GO Biological Processes,19,GO:0055082,intracellular chemical homeostasis,19_GO:0042592 homeostatic process,-2.4,2.3,3.2,30293,572,293,13,4.4,1.2,1581|1907|2890|3383|5029|6344|9256|26056|55177|57835|113235|220002|392862,CYP7A1|EDN2|GRIA1|ICAM1|P2RY2|SCTR|TSPOAP1|RAB11FIP5|RMDN3|SLC4A5|SLC46A1|CYB561A3|GRID2IP,-0.29,MyList
GO Biological Processes,19,GO:0018212,peptidyl-tyrosine modification,19_GO:0008152 metabolic process,-2.4,6.2,4.2,30293,67,293,4,1.4,0.68,2064|2185|2263|6850,ERBB2|PTK2B|FGFR2|SYK,-0.29,MyList
GO Biological Processes,19,GO:0002253,activation of immune response,19_GO:0002376 immune system process,-2.4,2.7,3.3,30293,380,293,10,3.4,1.1,660|719|729|732|925|3929|6850|7097|51284|115004,BMX|C3AR1|C6|C8B|CD8A|LBP|SYK|TLR2|TLR7|CGAS,-0.28,MyList
GO Biological Processes,19,GO:0006360,transcription by RNA polymerase I,19_GO:0008152 metabolic process,-2.4,9.1,4.7,30293,34,293,3,1,0.59,9014|10849|11176,TAF1B|POLR1G|BAZ2A,-0.28,MyList
GO Biological Processes,19,GO:0034367,protein-containing complex remodeling,19_GO:0009987 cellular process,-2.4,9.1,4.7,30293,34,293,3,1,0.59,335|5322|7941,APOA1|PLA2G5|PLA2G7,-0.28,MyList
Reactome Gene Sets,6,R-HSA-8963899,Plasma lipoprotein remodeling,,-2.4,9.1,4.7,30293,34,293,3,1,0.59,319|335|51129,APOF|APOA1|ANGPTL4,-0.28,MyList
GO Biological Processes,19,GO:0006691,leukotriene metabolic process,19_GO:0008152 metabolic process,-2.4,9.1,4.7,30293,34,293,3,1,0.59,5322|6850|7097,PLA2G5|SYK|TLR2,-0.28,MyList
GO Biological Processes,19,GO:0008285,negative regulation of cell population proliferation,19_GO:0048519 negative regulation of biological process,-2.4,2.1,3.1,30293,785,293,16,5.5,1.3,590|943|1687|2064|2185|2263|2302|2623|5322|7049|7071|7097|8838|26038|149428|166793,BCHE|TNFRSF8|GSDME|ERBB2|PTK2B|FGFR2|FOXJ1|GATA1|PLA2G5|TGFBR3|KLF10|TLR2|CCN6|CHD5|BNIPL|ZBTB49,-0.28,MyList
GO Biological Processes,19,GO:0007586,digestion,19_GO:0032501 multicellular organismal process,-2.4,4.7,3.8,30293,110,293,5,1.7,0.76,3587|4864|29881|64240|113235,IL10RA|NPC1|NPC1L1|ABCG5|SLC46A1,-0.28,MyList
GO Biological Processes,19,GO:0002831,regulation of response to biotic stimulus,19_GO:0050896 response to stimulus,-2.3,2.4,3.2,30293,513,293,12,4.1,1.2,841|1687|3929|4034|4321|5322|6850|7097|25939|51284|51752|115004,CASP8|GSDME|LBP|LRCH4|MMP12|PLA2G5|SYK|TLR2|SAMHD1|TLR7|ERAP1|CGAS,-0.27,MyList
GO Biological Processes,19,GO:0050778,positive regulation of immune response,19_GO:0002376 immune system process,-2.3,2.2,3.1,30293,648,293,14,4.8,1.2,660|719|729|732|925|1687|3929|4034|4321|5322|6850|7097|51284|115004,BMX|C3AR1|C6|C8B|CD8A|GSDME|LBP|LRCH4|MMP12|PLA2G5|SYK|TLR2|TLR7|CGAS,-0.27,MyList
KEGG Pathway,24,hsa05145,Toxoplasmosis,,-2.3,4.7,3.8,30293,111,293,5,1.7,0.76,841|3587|3655|3915|7097,CASP8|IL10RA|ITGA6|LAMC1|TLR2,-0.27,MyList
Reactome Gene Sets,6,R-HSA-9012999,RHO GTPase cycle,,-2.3,2.5,3.2,30293,449,293,11,3.8,1.1,1795|2185|3998|4649|4689|9828|10817|55701|55704|56254|57514,DOCK3|PTK2B|LMAN1|MYO9A|NCF4|ARHGEF17|FRS3|ARHGEF40|CCDC88A|RNF20|ARHGAP31,-0.26,MyList
GO Biological Processes,19,GO:0061081,positive regulation of myeloid leukocyte cytokine production involved in immune response,19_GO:0002376 immune system process,-2.3,8.9,4.6,30293,35,293,3,1,0.59,6850|10417|51284,SYK|SPON2|TLR7,-0.26,MyList
GO Biological Processes,19,GO:0001934,positive regulation of protein phosphorylation,19_GO:0048518 positive regulation of biological process,-2.3,2.3,3.2,30293,582,293,13,4.4,1.2,1464|2064|2185|2623|2641|4361|6850|8877|9344|55704|57091|57600|146433,CSPG4|ERBB2|PTK2B|GATA1|GCG|MRE11|SYK|SPHK1|TAOK2|CCDC88A|CASS4|FNIP2|IL34,-0.26,MyList
GO Biological Processes,19,GO:0071496,cellular response to external stimulus,19_GO:0050896 response to stimulus,-2.3,2.9,3.3,30293,326,293,9,3.1,1,841|943|7071|7378|8897|51284|53349|54468|79567,CASP8|TNFRSF8|KLF10|UPP1|MTMR3|TLR7|ZFYVE1|MIOS|RIPOR1,-0.26,MyList
WikiPathways,27,WP2880,Glucocorticoid receptor pathway,,-2.3,5.9,4.1,30293,70,293,4,1.4,0.68,1907|7049|51129|92737,EDN2|TGFBR3|ANGPTL4|DNER,-0.26,MyList
GO Biological Processes,19,GO:0001775,cell activation,19_GO:0032501 multicellular organismal process,-2.3,2.1,3.1,30293,722,293,15,5.1,1.3,841|914|925|1608|1907|2064|2185|2623|3383|3929|6850|7097|23303|79865|222487,CASP8|CD2|CD8A|DGKG|EDN2|ERBB2|PTK2B|GATA1|ICAM1|LBP|SYK|TLR2|KIF13B|TREML2|ADGRG3,-0.26,MyList
GO Biological Processes,19,GO:0048515,spermatid differentiation,19_GO:0022414 reproductive process,-2.3,3.4,3.5,30293,213,293,7,2.4,0.89,8672|26038|84229|84236|124626|200162|378807,EIF4G3|CHD5|DRC7|RHBDD1|ZPBP2|SPAG17|CATSPER4,-0.26,MyList
GO Biological Processes,19,GO:0007018,microtubule-based movement,19_GO:0009987 cellular process,-2.3,2.7,3.3,30293,389,293,10,3.4,1.1,547|1952|6103|10300|23303|55172|84229|144406|200162|378807,KIF1A|CELSR2|RPGR|KATNB1|KIF13B|DNAAF2|DRC7|CFAP251|SPAG17|CATSPER4,-0.26,MyList
GO Biological Processes,19,GO:0030301,cholesterol transport,19_GO:0051179 localization,-2.3,5.8,4,30293,71,293,4,1.4,0.68,335|4864|29881|64240,APOA1|NPC1|NPC1L1|ABCG5,-0.25,MyList
GO Biological Processes,19,GO:0016486,peptide hormone processing,19_GO:0008152 metabolic process,-2.3,8.6,4.5,30293,36,293,3,1,0.59,590|2028|7941,BCHE|ENPEP|PLA2G7,-0.25,MyList
GO Biological Processes,19,GO:0034655,nucleobase-containing compound catabolic process,19_GO:0008152 metabolic process,-2.3,2.8,3.3,30293,330,293,9,3.1,1,956|7378|10595|10767|10940|23293|25939|60528|79873,ENTPD3|UPP1|ERN2|HBS1L|POP1|SMG6|SAMHD1|ELAC2|NUDT18,-0.25,MyList
KEGG Pathway,24,hsa05417,Lipid and atherosclerosis,,-2.3,3.4,3.4,30293,215,293,7,2.4,0.89,317|335|841|3383|3929|4689|7097,APAF1|APOA1|CASP8|ICAM1|LBP|NCF4|TLR2,-0.25,MyList
Reactome Gene Sets,6,R-HSA-382551,Transport of small molecules,,-2.3,2.1,3.1,30293,727,293,15,5.1,1.3,41|319|335|4864|6574|8501|9123|9197|51129|57835|64240|64849|94015|113235|340273,ASIC1|APOF|APOA1|NPC1|SLC20A1|SLC43A1|SLC16A3|SLC33A1|ANGPTL4|SLC4A5|ABCG5|SLC13A3|TTYH2|SLC46A1|ABCB5,-0.25,MyList
GO Biological Processes,19,GO:0006897,endocytosis,19_GO:0051179 localization,-2.3,2.4,3.1,30293,522,293,12,4.1,1.2,197|2890|3587|4689|4864|5322|6850|7087|22905|25938|79874|92737,AHSG|GRIA1|IL10RA|NCF4|NPC1|PLA2G5|SYK|ICAM5|EPN2|HEATR5A|RABEP2|DNER,-0.25,MyList
GO Biological Processes,19,GO:0001701,in utero embryonic development,19_GO:0032502 developmental process,-2.3,2.6,3.2,30293,393,293,10,3.4,1.1,705|729|841|1376|2263|2623|10566|26524|55172|57669,BYSL|C6|CASP8|CPT2|FGFR2|GATA1|AKAP3|LATS2|DNAAF2|EPB41L5,-0.25,MyList
GO Biological Processes,19,GO:0032722,positive regulation of chemokine production,19_GO:0048518 positive regulation of biological process,-2.3,5.7,4,30293,72,293,4,1.4,0.68,3929|6850|7097|51284,LBP|SYK|TLR2|TLR7,-0.25,MyList
GO Biological Processes,19,GO:1902017,regulation of cilium assembly,19_GO:0050789 regulation of biological process,-2.3,5.7,4,30293,72,293,4,1.4,0.68,8814|55704|79874|84260,CDKL1|CCDC88A|RABEP2|TCHP,-0.25,MyList
GO Biological Processes,19,GO:0006694,steroid biosynthetic process,19_GO:0008152 metabolic process,-2.3,4.5,3.7,30293,115,293,5,1.7,0.76,335|1581|4598|29881|50700,APOA1|CYP7A1|MVK|NPC1L1|RDH8,-0.25,MyList
GO Biological Processes,19,GO:0050731,positive regulation of peptidyl-tyrosine phosphorylation,19_GO:0048518 positive regulation of biological process,-2.3,3.8,3.5,30293,164,293,6,2,0.83,1464|2185|2623|6850|57091|146433,CSPG4|PTK2B|GATA1|SYK|CASS4|IL34,-0.24,MyList
GO Biological Processes,19,GO:0010975,regulation of neuron projection development,19_GO:0032502 developmental process,-2.3,2.5,3.2,30293,459,293,11,3.8,1.1,322|547|1608|2185|3655|10300|10501|10677|23303|55704|84628,APBB1|KIF1A|DGKG|PTK2B|ITGA6|KATNB1|SEMA6B|AVIL|KIF13B|CCDC88A|NTNG2,-0.24,MyList
GO Biological Processes,19,GO:0006695,cholesterol biosynthetic process,19_GO:0008152 metabolic process,-2.3,8.4,4.4,30293,37,293,3,1,0.59,335|4598|29881,APOA1|MVK|NPC1L1,-0.24,MyList
GO Biological Processes,19,GO:1902653,secondary alcohol biosynthetic process,19_GO:0008152 metabolic process,-2.3,8.4,4.4,30293,37,293,3,1,0.59,335|4598|29881,APOA1|MVK|NPC1L1,-0.24,MyList
Reactome Gene Sets,6,R-HSA-1989781,PPARA activates gene expression,,-2.2,4.4,3.7,30293,117,293,5,1.7,0.76,335|1376|1581|51129|80205,APOA1|CPT2|CYP7A1|ANGPTL4|CHD9,-0.23,MyList
GO Biological Processes,19,GO:0007416,synapse assembly,19_GO:0032502 developmental process,-2.2,4.4,3.7,30293,117,293,5,1.7,0.76,2890|27445|84628|92737|266977,GRIA1|PCLO|NTNG2|DNER|ADGRF1,-0.23,MyList
GO Biological Processes,19,GO:0051235,maintenance of location,19_GO:0051179 localization,-2.2,3.7,3.5,30293,166,293,6,2,0.83,335|4052|4864|6672|53349|55704,APOA1|LTBP1|NPC1|SP100|ZFYVE1|CCDC88A,-0.23,MyList
GO Biological Processes,19,GO:0045017,glycerolipid biosynthetic process,19_GO:0008152 metabolic process,-2.2,3.3,3.4,30293,220,293,7,2.4,0.89,335|660|1608|8897|10390|25979|80271,APOA1|BMX|DGKG|MTMR3|CEPT1|DHRS7B|ITPKC,-0.23,MyList
GO Biological Processes,19,GO:0045089,positive regulation of innate immune response,19_GO:0044419 biological process involved in interspecies interaction between organisms,-2.2,3,3.3,30293,277,293,8,2.7,0.95,3929|4034|4321|5322|6850|7097|51284|115004,LBP|LRCH4|MMP12|PLA2G5|SYK|TLR2|TLR7|CGAS,-0.23,MyList
GO Biological Processes,19,GO:0050808,synapse organization,19_GO:0009987 cellular process,-2.2,2.8,3.2,30293,337,293,9,3.1,1,2064|2890|8496|11202|11346|27445|84628|92737|266977,ERBB2|GRIA1|PPFIBP1|KLK8|SYNPO|PCLO|NTNG2|DNER|ADGRF1,-0.23,MyList
GO Biological Processes,19,GO:0045321,leukocyte activation,19_GO:0002376 immune system process,-2.2,2.2,3,30293,598,293,13,4.4,1.2,841|914|925|1907|2064|2185|3383|3929|6850|7097|23303|79865|222487,CASP8|CD2|CD8A|EDN2|ERBB2|PTK2B|ICAM1|LBP|SYK|TLR2|KIF13B|TREML2|ADGRG3,-0.23,MyList
Canonical Pathways,11,M94,PID FAS PATHWAY,,-2.2,8.2,4.4,30293,38,293,3,1,0.59,841|6609|6850,CASP8|SMPD1|SYK,-0.23,MyList
Reactome Gene Sets,6,R-HSA-983231,Factors involved in megakaryocyte development and platelet production,,-2.2,3.7,3.5,30293,168,293,6,2,0.83,547|1795|2623|23186|23303|64145,KIF1A|DOCK3|GATA1|RCOR1|KIF13B|RBSN,-0.23,MyList
Reactome Gene Sets,6,R-HSA-168898,Toll-like Receptor Cascades,,-2.2,3.7,3.5,30293,168,293,6,2,0.83,841|1687|3929|7097|51284|64145,CASP8|GSDME|LBP|TLR2|TLR7|RBSN,-0.23,MyList
Reactome Gene Sets,6,R-HSA-174824,"Plasma lipoprotein assembly, remodeling, and clearance",,-2.2,5.5,3.9,30293,75,293,4,1.4,0.68,319|335|4864|51129,APOF|APOA1|NPC1|ANGPTL4,-0.23,MyList
KEGG Pathway,24,hsa04623,Cytosolic DNA-sensing pathway,,-2.2,5.5,3.9,30293,75,293,4,1.4,0.68,841|1687|25939|115004,CASP8|GSDME|SAMHD1|CGAS,-0.23,MyList
Reactome Gene Sets,6,R-HSA-400206,Regulation of lipid metabolism by PPARalpha,,-2.2,4.3,3.6,30293,119,293,5,1.7,0.76,335|1376|1581|51129|80205,APOA1|CPT2|CYP7A1|ANGPTL4|CHD9,-0.23,MyList
WikiPathways,27,WP2431,Spinal cord injury,,-2.2,4.3,3.6,30293,120,293,5,1.7,0.76,1464|3383|4321|5322|11202,CSPG4|ICAM1|MMP12|PLA2G5|KLK8,-0.21,MyList
GO Biological Processes,19,GO:0008206,bile acid metabolic process,19_GO:0008152 metabolic process,-2.2,8,4.3,30293,39,293,3,1,0.59,1581|4864|57704,CYP7A1|NPC1|GBA2,-0.21,MyList
GO Biological Processes,19,GO:0009267,cellular response to starvation,19_GO:0050896 response to stimulus,-2.2,3.6,3.4,30293,172,293,6,2,0.83,7071|7378|8897|53349|54468|79567,KLF10|UPP1|MTMR3|ZFYVE1|MIOS|RIPOR1,-0.19,MyList
GO Biological Processes,19,GO:1901617,organic hydroxy compound biosynthetic process,19_GO:0008152 metabolic process,-2.2,3.6,3.4,30293,172,293,6,2,0.83,335|1581|4598|8877|29881|80271,APOA1|CYP7A1|MVK|SPHK1|NPC1L1|ITPKC,-0.19,MyList
Canonical Pathways,11,M5887,NABA BASEMENT MEMBRANES,,-2.2,7.8,4.2,30293,40,293,3,1,0.59,1306|3915|84628,COL15A1|LAMC1|NTNG2,-0.19,MyList
GO Biological Processes,19,GO:0140448,signaling receptor ligand precursor processing,19_GO:0008152 metabolic process,-2.2,7.8,4.2,30293,40,293,3,1,0.59,590|2028|7941,BCHE|ENPEP|PLA2G7,-0.19,MyList
GO Biological Processes,19,GO:0030279,negative regulation of ossification,19_GO:0048519 negative regulation of biological process,-2.2,7.8,4.2,30293,40,293,3,1,0.59,197|2185|2623,AHSG|PTK2B|GATA1,-0.19,MyList
GO Biological Processes,19,GO:0031667,response to nutrient levels,19_GO:0050896 response to stimulus,-2.2,2.4,3,30293,476,293,11,3.8,1.1,317|590|6344|7071|7378|8897|53349|54468|57707|64240|79567,APAF1|BCHE|SCTR|KLF10|UPP1|MTMR3|ZFYVE1|MIOS|MEAK7|ABCG5|RIPOR1,-0.18,MyList
GO Biological Processes,19,GO:0050920,regulation of chemotaxis,19_GO:0040011 locomotion,-2.1,3.2,3.2,30293,229,293,7,2.4,0.89,719|1907|2185|3929|7941|10501|146433,C3AR1|EDN2|PTK2B|LBP|PLA2G7|SEMA6B|IL34,-0.18,MyList
GO Biological Processes,19,GO:0090407,organophosphate biosynthetic process,19_GO:0008152 metabolic process,-2.1,2.3,3,30293,545,293,12,4.1,1.2,335|660|1608|4598|5635|7378|8897|10390|25979|27304|80271|347736,APOA1|BMX|DGKG|MVK|PRPSAP1|UPP1|MTMR3|CEPT1|DHRS7B|MOCS3|ITPKC|NME9,-0.18,MyList
GO Biological Processes,19,GO:0010811,positive regulation of cell-substrate adhesion,19_GO:0048518 positive regulation of biological process,-2.1,4.2,3.5,30293,124,293,5,1.7,0.76,335|2185|3655|57091|57669,APOA1|PTK2B|ITGA6|CASS4|EPB41L5,-0.18,MyList
GO Biological Processes,19,GO:0032479,regulation of type I interferon production,19_GO:0032501 multicellular organismal process,-2.1,4.2,3.5,30293,124,293,5,1.7,0.76,4321|6850|7097|51284|115004,MMP12|SYK|TLR2|TLR7|CGAS,-0.18,MyList
GO Biological Processes,19,GO:0009394,2'-deoxyribonucleotide metabolic process,19_GO:0008152 metabolic process,-2.1,7.6,4.2,30293,41,293,3,1,0.59,7378|25939|79873,UPP1|SAMHD1|NUDT18,-0.18,MyList
Reactome Gene Sets,6,R-HSA-3560782,Diseases associated with glycosaminoglycan metabolism,,-2.1,7.6,4.2,30293,41,293,3,1,0.59,1464|2817|9672,CSPG4|GPC1|SDC3,-0.18,MyList
GO Biological Processes,19,GO:0001959,regulation of cytokine-mediated signaling pathway,19_GO:0050896 response to stimulus,-2.1,3.5,3.3,30293,175,293,6,2,0.83,335|841|4321|6850|8877|25939,APOA1|CASP8|MMP12|SYK|SPHK1|SAMHD1,-0.18,MyList
GO Biological Processes,19,GO:1902905,positive regulation of supramolecular fiber organization,19_GO:0048518 positive regulation of biological process,-2.1,3.5,3.3,30293,175,293,6,2,0.83,335|2185|10300|11346|23116|55704,APOA1|PTK2B|KATNB1|SYNPO|TOGARAM1|CCDC88A,-0.18,MyList
GO Biological Processes,19,GO:0002685,regulation of leukocyte migration,19_GO:0040011 locomotion,-2.1,3.1,3.2,30293,230,293,7,2.4,0.89,719|1907|2185|3383|3929|7941|146433,C3AR1|EDN2|PTK2B|ICAM1|LBP|PLA2G7|IL34,-0.18,MyList
GO Biological Processes,19,GO:0007188,adenylate cyclase-modulating G protein-coupled receptor signaling pathway,19_GO:0050896 response to stimulus,-2.1,3.1,3.2,30293,230,293,7,2.4,0.89,976|2641|6344|7433|23266|222487|266977,ADGRE5|GCG|SCTR|VIPR1|ADGRL2|ADGRG3|ADGRF1,-0.18,MyList
GO Biological Processes,19,GO:0040008,regulation of growth,19_GO:0040007 growth,-2.1,2.2,2.9,30293,616,293,13,4.4,1.2,2064|2185|2263|7049|8437|8877|9344|10501|26524|55540|84260|131566|149428,ERBB2|PTK2B|FGFR2|TGFBR3|RASAL1|SPHK1|TAOK2|SEMA6B|LATS2|IL17RB|TCHP|DCBLD2|BNIPL,-0.18,MyList
GO Biological Processes,19,GO:0032675,regulation of interleukin-6 production,19_GO:0032501 multicellular organismal process,-2.1,3.5,3.3,30293,176,293,6,2,0.83,2302|3929|6850|7097|10417|51284,FOXJ1|LBP|SYK|TLR2|SPON2|TLR7,-0.18,MyList
GO Biological Processes,19,GO:0045765,regulation of angiogenesis,19_GO:0032502 developmental process,-2.1,2.6,3.1,30293,352,293,9,3.1,1,719|2064|2185|6672|8838|8877|22905|51129|51752,C3AR1|ERBB2|PTK2B|SP100|CCN6|SPHK1|EPN2|ANGPTL4|ERAP1,-0.17,MyList
KEGG Pathway,24,hsa05171,Coronavirus disease - COVID-19,,-2.1,3.1,3.2,30293,232,293,7,2.4,0.89,719|729|732|6850|7097|51284|115004,C3AR1|C6|C8B|SYK|TLR2|TLR7|CGAS,-0.17,MyList
GO Biological Processes,19,GO:0042552,myelination,19_GO:0032502 developmental process,-2.1,4.1,3.4,30293,126,293,5,1.7,0.76,2064|2817|4665|7097|54468,ERBB2|GPC1|NAB2|TLR2|MIOS,-0.17,MyList
GO Biological Processes,19,GO:0019692,deoxyribose phosphate metabolic process,19_GO:0008152 metabolic process,-2.1,7.4,4.1,30293,42,293,3,1,0.59,7378|25939|79873,UPP1|SAMHD1|NUDT18,-0.17,MyList
GO Biological Processes,19,GO:0009262,deoxyribonucleotide metabolic process,19_GO:0008152 metabolic process,-2.1,7.4,4.1,30293,42,293,3,1,0.59,7378|25939|79873,UPP1|SAMHD1|NUDT18,-0.17,MyList
GO Biological Processes,19,GO:0070328,triglyceride homeostasis,19_GO:0042592 homeostatic process,-2.1,7.4,4.1,30293,42,293,3,1,0.59,335|51129|64240,APOA1|ANGPTL4|ABCG5,-0.17,MyList
GO Biological Processes,19,GO:0007169,transmembrane receptor protein tyrosine kinase signaling pathway,19_GO:0050896 response to stimulus,-2.1,2.5,3,30293,418,293,10,3.4,1.1,925|1464|1795|2064|2185|2263|6850|10817|10849|57091,CD8A|CSPG4|DOCK3|ERBB2|PTK2B|FGFR2|SYK|FRS3|POLR1G|CASS4,-0.17,MyList
GO Biological Processes,19,GO:0007167,enzyme-linked receptor protein signaling pathway,19_GO:0050896 response to stimulus,-2.1,2.2,2.9,30293,622,293,13,4.4,1.2,925|1464|1795|2064|2185|2263|4052|6850|7049|10566|10817|10849|57091,CD8A|CSPG4|DOCK3|ERBB2|PTK2B|FGFR2|LTBP1|SYK|TGFBR3|AKAP3|FRS3|POLR1G|CASS4,-0.17,MyList
GO Biological Processes,19,GO:0006259,DNA metabolic process,19_GO:0008152 metabolic process,-2.1,2,2.8,30293,766,293,15,5.1,1.3,4361|5427|6672|8877|8914|10973|11176|23649|25939|51742|55339|55704|56946|115004|158401,MRE11|POLE2|SP100|SPHK1|TIMELESS|ASCC3|BAZ2A|POLA2|SAMHD1|ARID4B|WDR33|CCDC88A|EMSY|CGAS|SHOC1,-0.16,MyList
GO Biological Processes,19,GO:0008366,axon ensheathment,19_GO:0032502 developmental process,-2.1,4,3.4,30293,128,293,5,1.7,0.76,2064|2817|4665|7097|54468,ERBB2|GPC1|NAB2|TLR2|MIOS,-0.16,MyList
GO Biological Processes,19,GO:0007272,ensheathment of neurons,19_GO:0032502 developmental process,-2.1,4,3.4,30293,128,293,5,1.7,0.76,2064|2817|4665|7097|54468,ERBB2|GPC1|NAB2|TLR2|MIOS,-0.16,MyList
GO Biological Processes,19,GO:0046683,response to organophosphorus,19_GO:0050896 response to stimulus,-2.1,4,3.4,30293,128,293,5,1.7,0.76,2185|2623|5029|5187|51284,PTK2B|GATA1|P2RY2|PER1|TLR7,-0.16,MyList
WikiPathways,27,WP716,Vitamin A and carotenoid metabolism,,-2.1,7.2,4,30293,43,293,3,1,0.59,29881|50700|64240,NPC1L1|RDH8|ABCG5,-0.16,MyList
GO Biological Processes,19,GO:0055090,acylglycerol homeostasis,19_GO:0042592 homeostatic process,-2.1,7.2,4,30293,43,293,3,1,0.59,335|51129|64240,APOA1|ANGPTL4|ABCG5,-0.16,MyList
GO Biological Processes,19,GO:0003341,cilium movement,19_GO:0009987 cellular process,-2.1,3.4,3.3,30293,180,293,6,2,0.83,1952|55172|84229|144406|200162|378807,CELSR2|DNAAF2|DRC7|CFAP251|SPAG17|CATSPER4,-0.16,MyList
GO Biological Processes,19,GO:1903706,regulation of hemopoiesis,19_GO:0002376 immune system process,-2.1,2.4,3,30293,422,293,10,3.4,1.1,841|914|2064|2185|2302|2623|6850|7071|23186|146433,CASP8|CD2|ERBB2|PTK2B|FOXJ1|GATA1|SYK|KLF10|RCOR1|IL34,-0.16,MyList
GO Biological Processes,19,GO:0009611,response to wounding,19_GO:0050896 response to stimulus,-2.1,2.4,3,30293,422,293,10,3.4,1.1,1608|2064|2623|3998|4321|6609|6850|11202|79567|131566,DGKG|ERBB2|GATA1|LMAN1|MMP12|SMPD1|SYK|KLK8|RIPOR1|DCBLD2,-0.16,MyList
GO Biological Processes,19,GO:0030855,epithelial cell differentiation,19_GO:0032502 developmental process,-2.1,2.1,2.8,30293,630,293,13,4.4,1.2,1687|2263|2302|2623|3383|4649|6299|8689|26524|51742|57669|57835|124842,GSDME|FGFR2|FOXJ1|GATA1|ICAM1|MYO9A|SALL1|KRT36|LATS2|ARID4B|EPB41L5|SLC4A5|TMEM132E,-0.15,MyList
GO Biological Processes,19,GO:0016126,sterol biosynthetic process,19_GO:0008152 metabolic process,-2.1,7,4,30293,44,293,3,1,0.59,335|4598|29881,APOA1|MVK|NPC1L1,-0.15,MyList
GO Biological Processes,19,GO:0034661,ncRNA catabolic process,19_GO:0008152 metabolic process,-2.1,7,4,30293,44,293,3,1,0.59,10595|10940|60528,ERN2|POP1|ELAC2,-0.15,MyList
GO Biological Processes,19,GO:1905521,regulation of macrophage migration,19_GO:0040011 locomotion,-2.1,7,4,30293,44,293,3,1,0.59,719|2185|146433,C3AR1|PTK2B|IL34,-0.15,MyList
GO Biological Processes,19,GO:1901342,regulation of vasculature development,19_GO:0032502 developmental process,-2,2.6,3,30293,361,293,9,3.1,1,719|2064|2185|6672|8838|8877|22905|51129|51752,C3AR1|ERBB2|PTK2B|SP100|CCN6|SPHK1|EPN2|ANGPTL4|ERAP1,-0.14,MyList
Reactome Gene Sets,6,R-HSA-1474244,Extracellular matrix organization,,-2,2.8,3,30293,300,293,8,2.7,0.95,1306|3383|3655|3915|4052|4321|7087|9672,COL15A1|ICAM1|ITGA6|LAMC1|LTBP1|MMP12|ICAM5|SDC3,-0.14,MyList
GO Biological Processes,19,GO:0051495,positive regulation of cytoskeleton organization,19_GO:0048518 positive regulation of biological process,-2,3.4,3.2,30293,184,293,6,2,0.83,335|2185|10300|11346|23116|55704,APOA1|PTK2B|KATNB1|SYNPO|TOGARAM1|CCDC88A,-0.14,MyList
GO Biological Processes,19,GO:0031589,cell-substrate adhesion,19_GO:0009987 cellular process,-2,3.4,3.2,30293,184,293,6,2,0.83,2185|3655|3915|4059|9344|57669,PTK2B|ITGA6|LAMC1|BCAM|TAOK2|EPB41L5,-0.14,MyList
GO Biological Processes,19,GO:0008033,tRNA processing,19_GO:0008152 metabolic process,-2,3.9,3.3,30293,132,293,5,1.7,0.76,10940|23536|27304|60528|152992,POP1|ADAT1|MOCS3|ELAC2|TRMT44,-0.13,MyList
Reactome Gene Sets,6,R-HSA-198933,Immunoregulatory interactions between a Lymphoid and a non-Lymphoid cell,,-2,3.9,3.3,30293,133,293,5,1.7,0.76,925|3383|6402|7087|79865,CD8A|ICAM1|SELL|ICAM5|TREML2,-0.12,MyList
GO Biological Processes,19,GO:0006720,isoprenoid metabolic process,19_GO:0008152 metabolic process,-2,3.9,3.3,30293,133,293,5,1.7,0.76,4598|50700|51109|51635|79087,MVK|RDH8|RDH11|DHRS7|ALG12,-0.12,MyList
GO Biological Processes,19,GO:0050807,regulation of synapse organization,19_GO:0050789 regulation of biological process,-2,3,3.1,30293,243,293,7,2.4,0.89,547|2185|3587|7087|7097|11202|84628,KIF1A|PTK2B|IL10RA|ICAM5|TLR2|KLK8|NTNG2,-0.12,MyList
KEGG Pathway,24,hsa04610,Complement and coagulation cascades,,-2,4.8,3.5,30293,86,293,4,1.4,0.68,719|729|732|5055,C3AR1|C6|C8B|SERPINB2,-0.12,MyList
KEGG Pathway,24,hsa04080,Neuroactive ligand-receptor interaction,,-2,2.5,2.9,30293,367,293,9,3.1,1,719|1907|2641|2890|5029|6344|7433|10886|57053,C3AR1|EDN2|GCG|GRIA1|P2RY2|SCTR|VIPR1|NPFFR2|CHRNA10,-0.12,MyList
