_MEMBER_MyList,_LogP_MyList,GO,Description,_PATTERN_,_RANK_,CHILD_GO_MyList
1,-5.384685753559799,GO:0008152,metabolic process,M1,1,GO:0006066 alcohol metabolic process
1,-4.611513277251078,GO:0051179,localization,M1,1,GO:0010876 lipid localization
1,-4.080173991633394,GO:0009987,cellular process,M1,1,GO:0120031 plasma membrane bounded cell projection assembly
1,-3.533058774568815,GO:0040011,locomotion,M1,1,GO:0002690 positive regulation of leukocyte chemotaxis
1,-3.439446437208719,GO:0048518,positive regulation of biological process,M1,1,GO:0032757 positive regulation of interleukin-8 production
1,-3.340226548460419,GO:0032501,multicellular organismal process,M1,1,GO:0044241 lipid digestion
1,-3.3051438405855014,GO:0032502,developmental process,M1,1,GO:0001525 angiogenesis
1,-3.183720532493556,GO:0048519,negative regulation of biological process,M1,1,GO:0050805 negative regulation of synaptic transmission
1,-3.0995287088141588,GO:0050896,response to stimulus,M1,1,GO:0051056 regulation of small GTPase mediated signal transduction
1,-3.029912920534731,GO:0050789,regulation of biological process,M1,1,GO:0031344 regulation of cell projection organization
1,-2.8644400451918535,GO:0002376,immune system process,M1,1,GO:0002697 regulation of immune effector process
1,-2.771749284586595,GO:0042592,homeostatic process,M1,1,GO:0055088 lipid homeostasis
1,-2.4914293440585733,GO:0044419,biological process involved in interspecies interaction between organisms,M1,1,GO:0045088 regulation of innate immune response
1,-2.312684265397079,GO:0022414,reproductive process,M1,1,GO:0048515 spermatid differentiation
1,-2.1298488121089187,GO:0040007,growth,M1,1,GO:0040008 regulation of growth
