_MEMBER_MyList,_LogP_MyList,GO,Description,_PATTERN_,_RANK_,GiniIndex
1,-2.2,M94,PID FAS PATHWAY,M1,1,0
1,-3,R-HSA-3560783,"Defective B4GALT7 causes EDS, progeroid type",M1,1,0
1,-2.3,GO:0032722,positive regulation of chemokine production,M1,1,0
1,-2.3,GO:0010975,regulation of neuron projection development,M1,1,0
1,-4.1,GO:0120031,plasma membrane bounded cell projection assembly,M1,1,0
1,-2.3,hsa05417,Lipid and atherosclerosis,M1,1,0
1,-3.4,WP5333,Enterocyte cholesterol metabolism,M1,1,0
1,-2.4,GO:0018212,peptidyl-tyrosine modification,M1,1,0
1,-2.1,GO:0032479,regulation of type I interferon production,M1,1,0
1,-2.5,GO:0002833,positive regulation of response to biotic stimulus,M1,1,0
1,-2.1,GO:0007167,enzyme-linked receptor protein signaling pathway,M1,1,0
1,-2.8,GO:0032288,myelin assembly,M1,1,0
1,-2.7,GO:0001568,blood vessel development,M1,1,0
1,-2.7,GO:0060627,regulation of vesicle-mediated transport,M1,1,0
1,-2.5,GO:0042116,macrophage activation,M1,1,0
1,-2.2,R-HSA-400206,Regulation of lipid metabolism by PPARalpha,M1,1,0
1,-2.1,GO:0010811,positive regulation of cell-substrate adhesion,M1,1,0
1,-3,GO:0048514,blood vessel morphogenesis,M1,1,0
1,-2.1,GO:0009394,2'-deoxyribonucleotide metabolic process,M1,1,0
1,-3.4,R-HSA-8956319,Nucleotide catabolism,M1,1,0
1,-2.8,GO:0010562,positive regulation of phosphorus metabolic process,M1,1,0
1,-2.4,GO:0001819,positive regulation of cytokine production,M1,1,0
1,-5.4,GO:0006066,alcohol metabolic process,M1,1,0
1,-4.1,WP5304,Cholesterol metabolism,M1,1,0
1,-2.1,GO:0034661,ncRNA catabolic process,M1,1,0
1,-2.2,GO:0050808,synapse organization,M1,1,0
1,-4.1,WP334,GPCRs class B secretin like,M1,1,0
1,-2.9,GO:0042327,positive regulation of phosphorylation,M1,1,0
1,-2.7,GO:0046165,alcohol biosynthetic process,M1,1,0
1,-2.8,GO:0015711,organic anion transport,M1,1,0
1,-2.1,GO:0090407,organophosphate biosynthetic process,M1,1,0
1,-2.1,GO:0045765,regulation of angiogenesis,M1,1,0
1,-3,GO:0031344,regulation of cell projection organization,M1,1,0
1,-3.2,GO:0032760,positive regulation of tumor necrosis factor production,M1,1,0
1,-2.5,GO:0034368,protein-lipid complex remodeling,M1,1,0
1,-2.6,GO:0043410,positive regulation of MAPK cascade,M1,1,0
1,-3.9,GO:0030299,intestinal cholesterol absorption,M1,1,0
1,-2.8,GO:0055088,lipid homeostasis,M1,1,0
1,-3.6,GO:0044782,cilium organization,M1,1,0
1,-2.5,GO:0032103,positive regulation of response to external stimulus,M1,1,0
1,-2.2,GO:0051235,maintenance of location,M1,1,0
1,-2.3,R-HSA-382551,Transport of small molecules,M1,1,0
1,-2.1,R-HSA-3560782,Diseases associated with glycosaminoglycan metabolism,M1,1,0
1,-2.1,GO:0002685,regulation of leukocyte migration,M1,1,0
1,-4.3,GO:0050764,regulation of phagocytosis,M1,1,0
1,-2.6,GO:1905039,carboxylic acid transmembrane transport,M1,1,0
1,-2.5,GO:0030149,sphingolipid catabolic process,M1,1,0
1,-2.3,GO:0071496,cellular response to external stimulus,M1,1,0
1,-2.3,GO:0006695,cholesterol biosynthetic process,M1,1,0
1,-3.4,GO:0046466,membrane lipid catabolic process,M1,1,0
1,-3.1,GO:0032365,intracellular lipid transport,M1,1,0
1,-2.1,hsa05171,Coronavirus disease - COVID-19,M1,1,0
1,-3.3,WP3942,PPAR signaling pathway,M1,1,0
1,-3,hsa04514,Cell adhesion molecules,M1,1,0
1,-2.1,GO:0006259,DNA metabolic process,M1,1,0
1,-2.6,GO:0033344,cholesterol efflux,M1,1,0
1,-2.6,GO:0009264,deoxyribonucleotide catabolic process,M1,1,0
1,-2.5,WP430,Statin inhibition of cholesterol production,M1,1,0
1,-3.1,GO:0150115,cell-substrate junction organization,M1,1,0
1,-2.1,GO:0001959,regulation of cytokine-mediated signaling pathway,M1,1,0
1,-3,GO:0008202,steroid metabolic process,M1,1,0
1,-2.9,GO:0042063,gliogenesis,M1,1,0
1,-3.1,hsa04975,Fat digestion and absorption,M1,1,0
1,-2.3,GO:0050731,positive regulation of peptidyl-tyrosine phosphorylation,M1,1,0
1,-2.5,GO:0046474,glycerophospholipid biosynthetic process,M1,1,0
1,-2.3,GO:0001701,in utero embryonic development,M1,1,0
1,-4.7,GO:0044242,cellular lipid catabolic process,M1,1,0
1,-2.1,GO:0032675,regulation of interleukin-6 production,M1,1,0
1,-2.5,GO:0040017,positive regulation of locomotion,M1,1,0
1,-3.4,GO:0015850,organic hydroxy compound transport,M1,1,0
1,-2.2,GO:0030279,negative regulation of ossification,M1,1,0
1,-2,GO:0050807,regulation of synapse organization,M1,1,0
1,-4,GO:0034329,cell junction assembly,M1,1,0
1,-3.1,GO:0008610,lipid biosynthetic process,M1,1,0
1,-2,hsa04080,Neuroactive ligand-receptor interaction,M1,1,0
1,-4.4,GO:0006869,lipid transport,M1,1,0
1,-2.3,GO:0061081,positive regulation of myeloid leukocyte cytokine production involved in immune response,M1,1,0
1,-2.4,GO:0002253,activation of immune response,M1,1,0
1,-2.3,GO:0030301,cholesterol transport,M1,1,0
1,-2.3,WP2880,Glucocorticoid receptor pathway,M1,1,0
1,-2.7,GO:0034660,ncRNA metabolic process,M1,1,0
1,-2.6,GO:1903825,organic acid transmembrane transport,M1,1,0
1,-2.3,GO:0007018,microtubule-based movement,M1,1,0
1,-3.6,GO:0050892,intestinal absorption,M1,1,0
1,-2.8,GO:0045937,positive regulation of phosphate metabolic process,M1,1,0
1,-2.1,GO:1903706,regulation of hemopoiesis,M1,1,0
1,-3.1,GO:1903557,positive regulation of tumor necrosis factor superfamily cytokine production,M1,1,0
1,-2.6,GO:0032989,cellular anatomical entity morphogenesis,M1,1,0
1,-2.1,GO:0070328,triglyceride homeostasis,M1,1,0
1,-2.6,GO:1901361,organic cyclic compound catabolic process,M1,1,0
1,-3.1,GO:0051056,regulation of small GTPase mediated signal transduction,M1,1,0
1,-2.6,GO:2000147,positive regulation of cell motility,M1,1,0
1,-2.4,R-HSA-8963899,Plasma lipoprotein remodeling,M1,1,0
1,-2.1,GO:0030855,epithelial cell differentiation,M1,1,0
1,-2.4,GO:0055082,intracellular chemical homeostasis,M1,1,0
1,-2.2,WP2431,Spinal cord injury,M1,1,0
1,-2.4,GO:0018108,peptidyl-tyrosine phosphorylation,M1,1,0
1,-2.3,GO:0002831,regulation of response to biotic stimulus,M1,1,0
1,-2.6,GO:0046386,deoxyribose phosphate catabolic process,M1,1,0
1,-2.1,GO:0016126,sterol biosynthetic process,M1,1,0
1,-2.5,R-HSA-2187338,Visual phototransduction,M1,1,0
1,-2.3,GO:0034655,nucleobase-containing compound catabolic process,M1,1,0
1,-3,R-HSA-5686938,Regulation of TLR by endogenous ligand,M1,1,0
1,-2,GO:0051495,positive regulation of cytoskeleton organization,M1,1,0
1,-2.2,GO:0045017,glycerolipid biosynthetic process,M1,1,0
1,-4.1,GO:0016310,phosphorylation,M1,1,0
1,-3,GO:0006468,protein phosphorylation,M1,1,0
1,-2.7,hsa05152,Tuberculosis,M1,1,0
1,-3.3,GO:0001525,angiogenesis,M1,1,0
1,-2.1,GO:0019692,deoxyribose phosphate metabolic process,M1,1,0
1,-2.5,GO:0070168,negative regulation of biomineral tissue development,M1,1,0
1,-2.4,WP5090,Complement system in neuronal development and plasticity,M1,1,0
1,-2,GO:1901342,regulation of vasculature development,M1,1,0
1,-3.1,GO:0032481,positive regulation of type I interferon production,M1,1,0
1,-2.2,GO:0045089,positive regulation of innate immune response,M1,1,0
1,-2.2,GO:0009267,cellular response to starvation,M1,1,0
1,-2,R-HSA-198933,Immunoregulatory interactions between a Lymphoid and a non-Lymphoid cell,M1,1,0
1,-2.8,GO:0031579,membrane raft organization,M1,1,0
1,-3,GO:0050727,regulation of inflammatory response,M1,1,0
1,-4.4,WP2806,Complement system,M1,1,0
1,-2.4,GO:0045639,positive regulation of myeloid cell differentiation,M1,1,0
1,-2.5,GO:0015849,organic acid transport,M1,1,0
1,-2.1,GO:0007169,transmembrane receptor protein tyrosine kinase signaling pathway,M1,1,0
1,-2.1,GO:0009611,response to wounding,M1,1,0
1,-2.1,GO:0040008,regulation of growth,M1,1,0
1,-3,R-HSA-4420332,Defective B3GALT6 causes EDSP2 and SEMDJL1,M1,1,0
1,-3,GO:0030502,negative regulation of bone mineralization,M1,1,0
1,-2.8,WP2865,IL1 and megakaryocytes in obesity,M1,1,0
1,-2.2,R-HSA-168898,Toll-like Receptor Cascades,M1,1,0
1,-2.5,GO:0055092,sterol homeostasis,M1,1,0
1,-3.9,GO:0030031,cell projection assembly,M1,1,0
1,-2.3,GO:1902017,regulation of cilium assembly,M1,1,0
1,-2.9,GO:0030258,lipid modification,M1,1,0
1,-2.1,GO:1902905,positive regulation of supramolecular fiber organization,M1,1,0
1,-2.6,GO:0008654,phospholipid biosynthetic process,M1,1,0
1,-2.9,GO:0002688,regulation of leukocyte chemotaxis,M1,1,0
1,-4.3,GO:0016125,sterol metabolic process,M1,1,0
1,-3.5,GO:0002690,positive regulation of leukocyte chemotaxis,M1,1,0
1,-2.2,R-HSA-1989781,PPARA activates gene expression,M1,1,0
1,-2.3,GO:0001934,positive regulation of protein phosphorylation,M1,1,0
1,-3.6,GO:0034330,cell junction organization,M1,1,0
1,-2.5,GO:0032677,regulation of interleukin-8 production,M1,1,0
1,-3.1,GO:0043408,regulation of MAPK cascade,M1,1,0
1,-2.1,GO:0042552,myelination,M1,1,0
1,-2.3,hsa05145,Toxoplasmosis,M1,1,0
1,-3.1,R-HSA-975634,Retinoid metabolism and transport,M1,1,0
1,-4.4,R-HSA-109582,Hemostasis,M1,1,0
1,-2.3,GO:0050778,positive regulation of immune response,M1,1,0
1,-2.1,GO:0007272,ensheathment of neurons,M1,1,0
1,-2,GO:0008033,tRNA processing,M1,1,0
1,-3.2,GO:0050805,negative regulation of synaptic transmission,M1,1,0
1,-2.7,R-HSA-1971475,A tetrasaccharide linker sequence is required for GAG synthesis,M1,1,0
1,-2.5,GO:0046942,carboxylic acid transport,M1,1,0
1,-4.7,GO:0008203,cholesterol metabolic process,M1,1,0
1,-2.8,GO:0015918,sterol transport,M1,1,0
1,-2.1,GO:0003341,cilium movement,M1,1,0
1,-2.1,GO:0008366,axon ensheathment,M1,1,0
1,-2.7,GO:0010758,regulation of macrophage chemotaxis,M1,1,0
1,-2.5,GO:0046700,heterocycle catabolic process,M1,1,0
1,-2.7,hsa05134,Legionellosis,M1,1,0
1,-3.2,GO:0007044,cell-substrate junction assembly,M1,1,0
1,-2.5,GO:0045088,regulation of innate immune response,M1,1,0
1,-2.5,GO:0034369,plasma lipoprotein particle remodeling,M1,1,0
1,-3,GO:0022600,digestive system process,M1,1,0
1,-2.1,WP716,Vitamin A and carotenoid metabolism,M1,1,0
1,-2.8,GO:0030335,positive regulation of cell migration,M1,1,0
1,-2.3,GO:0016486,peptide hormone processing,M1,1,0
1,-2.3,GO:0001775,cell activation,M1,1,0
1,-2.5,GO:0031214,biomineral tissue development,M1,1,0
1,-2.9,R-HSA-6806667,Metabolism of fat-soluble vitamins,M1,1,0
1,-2.2,GO:0031667,response to nutrient levels,M1,1,0
1,-2.6,GO:0046486,glycerolipid metabolic process,M1,1,0
1,-2.6,GO:0019725,cellular homeostasis,M1,1,0
1,-2.7,WP2878,PPAR alpha pathway,M1,1,0
1,-2,hsa04610,Complement and coagulation cascades,M1,1,0
1,-2.6,GO:0035082,axoneme assembly,M1,1,0
1,-2.4,GO:0034367,protein-containing complex remodeling,M1,1,0
1,-3.2,GO:0002687,positive regulation of leukocyte migration,M1,1,0
1,-2.3,GO:0048515,spermatid differentiation,M1,1,0
1,-3.4,GO:0032757,positive regulation of interleukin-8 production,M1,1,0
1,-2.8,R-HSA-2980736,Peptide hormone metabolism,M1,1,0
1,-2.3,GO:1902653,secondary alcohol biosynthetic process,M1,1,0
1,-2.2,GO:0140448,signaling receptor ligand precursor processing,M1,1,0
1,-2.7,GO:0046434,organophosphate catabolic process,M1,1,0
1,-2.5,GO:0042632,cholesterol homeostasis,M1,1,0
1,-2.4,R-HSA-420092,Glucagon-type ligand receptors,M1,1,0
1,-2.4,GO:0007586,digestion,M1,1,0
1,-3.5,GO:1901615,organic hydroxy compound metabolic process,M1,1,0
1,-2.7,GO:0120035,regulation of plasma membrane bounded cell projection organization,M1,1,0
1,-2.1,GO:0050920,regulation of chemotaxis,M1,1,0
1,-3,GO:0035239,tube morphogenesis,M1,1,0
1,-2.2,R-HSA-983231,Factors involved in megakaryocyte development and platelet production,M1,1,0
1,-2.4,GO:0008285,negative regulation of cell population proliferation,M1,1,0
1,-2.8,WP4725,Sphingolipid metabolism overview,M1,1,0
1,-4.6,GO:0010876,lipid localization,M1,1,0
1,-3,R-HSA-3560801,Defective B3GAT3 causes JDSSDHD,M1,1,0
1,-2.6,GO:0050921,positive regulation of chemotaxis,M1,1,0
1,-2.9,R-HSA-1793185,Chondroitin sulfate/dermatan sulfate metabolism,M1,1,0
1,-2.2,R-HSA-174824,"Plasma lipoprotein assembly, remodeling, and clearance",M1,1,0
1,-3.5,GO:0098856,intestinal lipid absorption,M1,1,0
1,-3.1,GO:0060292,long-term synaptic depression,M1,1,0
1,-2.6,GO:0001944,vasculature development,M1,1,0
1,-2.1,GO:0009262,deoxyribonucleotide metabolic process,M1,1,0
1,-2.3,GO:0006897,endocytosis,M1,1,0
1,-2.9,GO:0001578,microtubule bundle formation,M1,1,0
1,-3.3,WP4462,Platelet mediated interactions with vascular and circulating cells,M1,1,0
1,-3.1,hsa03320,PPAR signaling pathway,M1,1,0
1,-3.4,GO:0060271,cilium assembly,M1,1,0
1,-3.4,R-HSA-556833,Metabolism of lipids,M1,1,0
1,-2.1,GO:0046683,response to organophosphorus,M1,1,0
1,-2.9,GO:0002697,regulation of immune effector process,M1,1,0
1,-3.1,GO:0006644,phospholipid metabolic process,M1,1,0
1,-2.5,GO:0032755,positive regulation of interleukin-6 production,M1,1,0
1,-2.3,R-HSA-9012999,RHO GTPase cycle,M1,1,0
1,-2.2,hsa04623,Cytosolic DNA-sensing pathway,M1,1,0
1,-4.4,GO:1902652,secondary alcohol metabolic process,M1,1,0
1,-2.1,GO:0055090,acylglycerol homeostasis,M1,1,0
1,-2.4,GO:0006691,leukotriene metabolic process,M1,1,0
1,-2.6,GO:0000902,cell morphogenesis,M1,1,0
1,-2.7,R-HSA-202733,Cell surface interactions at the vascular wall,M1,1,0
1,-2.1,GO:1905521,regulation of macrophage migration,M1,1,0
1,-2.3,GO:0006694,steroid biosynthetic process,M1,1,0
1,-2,GO:0006720,isoprenoid metabolic process,M1,1,0
1,-3.1,R-HSA-422085,"Synthesis, secretion, and deacylation of Ghrelin",M1,1,0
1,-3.9,GO:0016042,lipid catabolic process,M1,1,0
1,-3.9,hsa04979,Cholesterol metabolism,M1,1,0
1,-2.7,GO:0044283,small molecule biosynthetic process,M1,1,0
1,-2.6,GO:0060759,regulation of response to cytokine stimulus,M1,1,0
1,-2.4,WP2882,Nuclear receptors meta pathway,M1,1,0
1,-2.5,GO:0010803,regulation of tumor necrosis factor-mediated signaling pathway,M1,1,0
1,-2.5,GO:0008283,cell population proliferation,M1,1,0
1,-2.6,GO:0030100,regulation of endocytosis,M1,1,0
1,-2.2,GO:1901617,organic hydroxy compound biosynthetic process,M1,1,0
1,-2.2,GO:0008206,bile acid metabolic process,M1,1,0
1,-3,WP4884,Pathogenesis of SARS CoV 2 mediated by nsp9 nsp10 complex,M1,1,0
1,-2.6,GO:0030282,bone mineralization,M1,1,0
1,-2.2,GO:0007416,synapse assembly,M1,1,0
1,-2.7,GO:0006650,glycerophospholipid metabolic process,M1,1,0
1,-3.3,GO:0044241,lipid digestion,M1,1,0
1,-2.8,GO:0006656,phosphatidylcholine biosynthetic process,M1,1,0
1,-2.4,GO:0006360,transcription by RNA polymerase I,M1,1,0
1,-2.1,GO:0007188,adenylate cyclase-modulating G protein-coupled receptor signaling pathway,M1,1,0
1,-2.2,M5887,NABA BASEMENT MEMBRANES,M1,1,0
1,-2,R-HSA-1474244,Extracellular matrix organization,M1,1,0
1,-3.3,GO:0046470,phosphatidylcholine metabolic process,M1,1,0
1,-2,GO:0031589,cell-substrate adhesion,M1,1,0
1,-2.2,GO:0045321,leukocyte activation,M1,1,0
