Name,Category,CategoryID,GO,Description,PARENT_GO,LogP,Enrichment,Z-score,#TotalGeneInLibrary,#GeneInGO,#GeneInHitList,#GeneInGOAndHitList,%InGO,STDV %InGO,GeneID,Hits,Log(q-value)
MyList,GO Biological Processes,19,GO:0006066,alcohol metabolic process,19_GO:0008152 metabolic process,-6.3,6.4,7.5,30293,326,174,12,6.9,1.9,319|335|1581|4864|6609|8877|29881|51109|51635|57704|79087|80271,APOF|APOA1|CYP7A1|NPC1|SMPD1|SPHK1|NPC1L1|RDH11|DHRS7|GBA2|ALG12|ITPKC,-3.4
MyList,GO Biological Processes,19,GO:0050764,regulation of phagocytosis,19_GO:0051179 localization,-5.7,12,8.5,30293,100,174,7,4,1.5,197|335|5322|6850|7097|8877|25875,AHSG|APOA1|PLA2G5|SYK|TLR2|SPHK1|LETMD1,-2.9
MyList,GO Biological Processes,19,GO:0008203,cholesterol metabolic process,19_GO:0008152 metabolic process,-5.2,10,7.7,30293,118,174,7,4,1.5,319|335|1581|4864|6609|29881|57704,APOF|APOA1|CYP7A1|NPC1|SMPD1|NPC1L1|GBA2,-2.6
MyList,GO Biological Processes,19,GO:1902652,secondary alcohol metabolic process,19_GO:0008152 metabolic process,-5,9.4,7.3,30293,129,174,7,4,1.5,319|335|1581|4864|6609|29881|57704,APOF|APOA1|CYP7A1|NPC1|SMPD1|NPC1L1|GBA2,-2.4
MyList,GO Biological Processes,19,GO:0016125,sterol metabolic process,19_GO:0008152 metabolic process,-4.9,9.2,7.2,30293,132,174,7,4,1.5,319|335|1581|4864|6609|29881|57704,APOF|APOA1|CYP7A1|NPC1|SMPD1|NPC1L1|GBA2,-2.4
MyList,GO Biological Processes,19,GO:0010876,lipid localization,19_GO:0051179 localization,-4.8,5,6,30293,382,174,11,6.3,1.8,319|335|1375|1376|1581|3929|4864|5322|29881|53349|64849,APOF|APOA1|CPT1B|CPT2|CYP7A1|LBP|NPC1|PLA2G5|NPC1L1|ZFYVE1|SLC13A3,-2.4
MyList,Reactome Gene Sets,6,R-HSA-109582,Hemostasis,,-4.8,3.9,5.6,30293,621,174,14,8,2.1,197|335|547|914|1608|2623|2817|3655|5055|6850|9123|9672|23186|23303,AHSG|APOA1|KIF1A|CD2|DGKG|GATA1|GPC1|ITGA6|SERPINB2|SYK|SLC16A3|SDC3|RCOR1|KIF13B,-2.3
MyList,GO Biological Processes,19,GO:0044242,cellular lipid catabolic process,19_GO:0008152 metabolic process,-4.8,7.2,6.6,30293,194,174,8,4.6,1.6,1375|1376|2108|5322|6609|7941|8877|57704,CPT1B|CPT2|ETFA|PLA2G5|SMPD1|PLA2G7|SPHK1|GBA2,-2.3
MyList,WikiPathways,27,WP2806,Complement system,,-4.7,11,7.4,30293,95,174,6,3.4,1.4,335|719|729|3383|3915|7097,APOA1|C3AR1|C6|ICAM1|LAMC1|TLR2,-2.3
MyList,GO Biological Processes,19,GO:1901615,organic hydroxy compound metabolic process,19_GO:0008152 metabolic process,-4.6,4.3,5.6,30293,482,174,12,6.9,1.9,319|335|1581|4864|6609|8877|29881|51109|51635|57704|79087|80271,APOF|APOA1|CYP7A1|NPC1|SMPD1|SPHK1|NPC1L1|RDH11|DHRS7|GBA2|ALG12|ITPKC,-2.2
MyList,Reactome Gene Sets,6,R-HSA-556833,Metabolism of lipids,,-4.5,3.5,5.3,30293,746,174,15,8.6,2.1,335|660|1375|1376|1581|5322|6609|8877|8897|9256|10390|25979|51129|57704|80205,APOA1|BMX|CPT1B|CPT2|CYP7A1|PLA2G5|SMPD1|SPHK1|MTMR3|TSPOAP1|CEPT1|DHRS7B|ANGPTL4|GBA2|CHD9,-2.1
MyList,GO Biological Processes,19,GO:0006869,lipid transport,19_GO:0051179 localization,-4.5,5,5.7,30293,347,174,10,5.7,1.8,319|335|1375|1376|1581|3929|4864|5322|29881|64849,APOF|APOA1|CPT1B|CPT2|CYP7A1|LBP|NPC1|PLA2G5|NPC1L1|SLC13A3,-2.1
MyList,WikiPathways,27,WP3942,PPAR signaling pathway,,-4.3,13,7.4,30293,68,174,5,2.9,1.3,335|1375|1376|1581|51129,APOA1|CPT1B|CPT2|CYP7A1|ANGPTL4,-2
MyList,GO Biological Processes,19,GO:0016042,lipid catabolic process,19_GO:0008152 metabolic process,-4.3,5.4,5.8,30293,288,174,9,5.2,1.7,1375|1376|1581|2108|5322|6609|7941|8877|57704,CPT1B|CPT2|CYP7A1|ETFA|PLA2G5|SMPD1|PLA2G7|SPHK1|GBA2,-2
MyList,GO Biological Processes,19,GO:0006644,phospholipid metabolic process,19_GO:0008152 metabolic process,-4.3,4.8,5.6,30293,360,174,10,5.7,1.8,335|660|1608|5322|6609|7941|8897|10390|25979|80271,APOA1|BMX|DGKG|PLA2G5|SMPD1|PLA2G7|MTMR3|CEPT1|DHRS7B|ITPKC,-1.9
MyList,GO Biological Processes,19,GO:0006650,glycerophospholipid metabolic process,19_GO:0008152 metabolic process,-4.3,5.4,5.7,30293,290,174,9,5.2,1.7,335|660|1608|5322|7941|8897|10390|25979|80271,APOA1|BMX|DGKG|PLA2G5|PLA2G7|MTMR3|CEPT1|DHRS7B|ITPKC,-1.9
MyList,GO Biological Processes,19,GO:0046470,phosphatidylcholine metabolic process,19_GO:0008152 metabolic process,-4.3,13,7.3,30293,69,174,5,2.9,1.3,335|5322|7941|10390|25979,APOA1|PLA2G5|PLA2G7|CEPT1|DHRS7B,-1.9
MyList,GO Biological Processes,19,GO:0030258,lipid modification,19_GO:0008152 metabolic process,-4.3,7.3,6.2,30293,168,174,7,4,1.5,1375|1376|1608|2108|7941|8897|57704,CPT1B|CPT2|DGKG|ETFA|PLA2G7|MTMR3|GBA2,-1.9
MyList,GO Biological Processes,19,GO:0060627,regulation of vesicle-mediated transport,19_GO:0051179 localization,-4.2,3.9,5.2,30293,529,174,12,6.9,1.9,197|335|2623|5322|6609|6850|7097|8877|25875|25930|27445|112476,AHSG|APOA1|GATA1|PLA2G5|SMPD1|SYK|TLR2|SPHK1|LETMD1|PTPN23|PCLO|PRRT2,-1.9
MyList,KEGG Pathway,24,hsa03320,PPAR signaling pathway,,-4.1,12,7,30293,75,174,5,2.9,1.3,335|1375|1376|1581|51129,APOA1|CPT1B|CPT2|CYP7A1|ANGPTL4,-1.8
MyList,GO Biological Processes,19,GO:0016310,phosphorylation,19_GO:0008152 metabolic process,-4.1,3.4,4.9,30293,720,174,14,8,2.1,660|1608|2064|2185|2263|6850|7097|8877|10595|26524|55277|57600|64080|80271,BMX|DGKG|ERBB2|PTK2B|FGFR2|SYK|TLR2|SPHK1|ERN2|LATS2|FGGY|FNIP2|RBKS|ITPKC,-1.8
MyList,GO Biological Processes,19,GO:0001775,cell activation,19_GO:0032501 multicellular organismal process,-4.1,3.4,4.9,30293,722,174,14,8,2.1,841|914|925|1608|1907|2064|2185|2623|3383|3929|6850|7097|23303|79865,CASP8|CD2|CD8A|DGKG|EDN2|ERBB2|PTK2B|GATA1|ICAM1|LBP|SYK|TLR2|KIF13B|TREML2,-1.8
MyList,Reactome Gene Sets,6,R-HSA-975634,Retinoid metabolism and transport,,-3.9,16,7.5,30293,44,174,4,2.3,1.1,335|2817|9672|51109,APOA1|GPC1|SDC3|RDH11,-1.6
MyList,GO Biological Processes,19,GO:0006259,DNA metabolic process,19_GO:0008152 metabolic process,-3.8,3.2,4.6,30293,766,174,14,8,2.1,4361|5427|6672|8877|8914|10973|11176|23649|25939|51742|55339|55704|56946|115004,MRE11|POLE2|SP100|SPHK1|TIMELESS|ASCC3|BAZ2A|POLA2|SAMHD1|ARID4B|WDR33|CCDC88A|EMSY|CGAS,-1.5
MyList,GO Biological Processes,19,GO:1901361,organic cyclic compound catabolic process,19_GO:0008152 metabolic process,-3.8,4.2,5,30293,417,174,10,5.7,1.8,1581|7378|10595|10767|10940|23293|25939|55821|60528|79873,CYP7A1|UPP1|ERN2|HBS1L|POP1|SMG6|SAMHD1|ALLC|ELAC2|NUDT18,-1.5
MyList,GO Biological Processes,19,GO:0046474,glycerophospholipid biosynthetic process,19_GO:0008152 metabolic process,-3.8,6.1,5.5,30293,199,174,7,4,1.5,335|660|1608|8897|10390|25979|80271,APOA1|BMX|DGKG|MTMR3|CEPT1|DHRS7B|ITPKC,-1.5
MyList,Reactome Gene Sets,6,R-HSA-6806667,Metabolism of fat-soluble vitamins,,-3.8,15,7.1,30293,48,174,4,2.3,1.1,335|2817|9672|51109,APOA1|GPC1|SDC3|RDH11,-1.5
MyList,GO Biological Processes,19,GO:0060292,long-term synaptic depression,19_GO:0048519 negative regulation of biological process,-3.8,27,8.8,30293,19,174,3,1.7,0.99,2185|2890|392862,PTK2B|GRIA1|GRID2IP,-1.5
MyList,GO Biological Processes,19,GO:0008610,lipid biosynthetic process,19_GO:0008152 metabolic process,-3.8,3.5,4.7,30293,594,174,12,6.9,1.9,335|660|1581|1608|1907|6609|8877|8897|10390|25979|29881|80271,APOA1|BMX|CYP7A1|DGKG|EDN2|SMPD1|SPHK1|MTMR3|CEPT1|DHRS7B|NPC1L1|ITPKC,-1.5
MyList,GO Biological Processes,19,GO:0045321,leukocyte activation,19_GO:0002376 immune system process,-3.7,3.5,4.7,30293,598,174,12,6.9,1.9,841|914|925|1907|2064|2185|3383|3929|6850|7097|23303|79865,CASP8|CD2|CD8A|EDN2|ERBB2|PTK2B|ICAM1|LBP|SYK|TLR2|KIF13B|TREML2,-1.5
MyList,Reactome Gene Sets,6,R-HSA-1793185,Chondroitin sulfate/dermatan sulfate metabolism,,-3.7,14,7,30293,50,174,4,2.3,1.1,1464|2817|9672|29940,CSPG4|GPC1|SDC3|DSE,-1.4
MyList,Reactome Gene Sets,6,R-HSA-4420332,Defective B3GALT6 causes EDSP2 and SEMDJL1,,-3.7,26,8.5,30293,20,174,3,1.7,0.99,1464|2817|9672,CSPG4|GPC1|SDC3,-1.4
MyList,Reactome Gene Sets,6,R-HSA-3560783,"Defective B4GALT7 causes EDS, progeroid type",,-3.7,26,8.5,30293,20,174,3,1.7,0.99,1464|2817|9672,CSPG4|GPC1|SDC3,-1.4
MyList,Reactome Gene Sets,6,R-HSA-3560801,Defective B3GAT3 causes JDSSDHD,,-3.7,26,8.5,30293,20,174,3,1.7,0.99,1464|2817|9672,CSPG4|GPC1|SDC3,-1.4
MyList,GO Biological Processes,19,GO:0002690,positive regulation of leukocyte chemotaxis,19_GO:0040011 locomotion,-3.7,9.4,6.1,30293,93,174,5,2.9,1.3,719|1907|2185|3929|7941,C3AR1|EDN2|PTK2B|LBP|PLA2G7,-1.4
MyList,KEGG Pathway,24,hsa04979,Cholesterol metabolism,,-3.7,14,6.9,30293,51,174,4,2.3,1.1,335|1581|4864|51129,APOA1|CYP7A1|NPC1|ANGPTL4,-1.4
MyList,GO Biological Processes,19,GO:0046486,glycerolipid metabolic process,19_GO:0008152 metabolic process,-3.6,4.4,4.9,30293,355,174,9,5.2,1.7,335|660|1608|5322|7941|8897|10390|25979|80271,APOA1|BMX|DGKG|PLA2G5|PLA2G7|MTMR3|CEPT1|DHRS7B|ITPKC,-1.4
MyList,GO Biological Processes,19,GO:0002687,positive regulation of leukocyte migration,19_GO:0040011 locomotion,-3.6,7,5.6,30293,149,174,6,3.4,1.4,719|1907|2185|3383|3929|7941,C3AR1|EDN2|PTK2B|ICAM1|LBP|PLA2G7,-1.4
MyList,GO Biological Processes,19,GO:0030502,negative regulation of bone mineralization,19_GO:0032502 developmental process,-3.6,25,8.3,30293,21,174,3,1.7,0.99,197|2185|2623,AHSG|PTK2B|GATA1,-1.4
MyList,WikiPathways,27,WP4884,Pathogenesis of SARS CoV 2 mediated by nsp9 nsp10 complex,,-3.6,25,8.3,30293,21,174,3,1.7,0.99,914|925|3929,CD2|CD8A|LBP,-1.4
MyList,GO Biological Processes,19,GO:0010562,positive regulation of phosphorus metabolic process,19_GO:0048518 positive regulation of biological process,-3.6,3.2,4.5,30293,704,174,13,7.5,2,1464|2064|2185|2263|2623|2641|3655|4361|6609|6850|8877|55704|57600,CSPG4|ERBB2|PTK2B|FGFR2|GATA1|GCG|ITGA6|MRE11|SMPD1|SYK|SPHK1|CCDC88A|FNIP2,-1.4
MyList,GO Biological Processes,19,GO:0045937,positive regulation of phosphate metabolic process,19_GO:0048518 positive regulation of biological process,-3.6,3.2,4.5,30293,704,174,13,7.5,2,1464|2064|2185|2263|2623|2641|3655|4361|6609|6850|8877|55704|57600,CSPG4|ERBB2|PTK2B|FGFR2|GATA1|GCG|ITGA6|MRE11|SMPD1|SYK|SPHK1|CCDC88A|FNIP2,-1.4
MyList,KEGG Pathway,24,hsa05417,Lipid and atherosclerosis,,-3.6,5.7,5.2,30293,215,174,7,4,1.5,317|335|841|3383|3929|4689|7097,APAF1|APOA1|CASP8|ICAM1|LBP|NCF4|TLR2,-1.4
MyList,GO Biological Processes,19,GO:0042327,positive regulation of phosphorylation,19_GO:0048518 positive regulation of biological process,-3.5,3.3,4.5,30293,627,174,12,6.9,1.9,1464|2064|2185|2263|2623|2641|3655|4361|6850|8877|55704|57600,CSPG4|ERBB2|PTK2B|FGFR2|GATA1|GCG|ITGA6|MRE11|SYK|SPHK1|CCDC88A|FNIP2,-1.3
MyList,GO Biological Processes,19,GO:0045017,glycerolipid biosynthetic process,19_GO:0008152 metabolic process,-3.5,5.5,5.1,30293,220,174,7,4,1.5,335|660|1608|8897|10390|25979|80271,APOA1|BMX|DGKG|MTMR3|CEPT1|DHRS7B|ITPKC,-1.3
MyList,GO Biological Processes,19,GO:0046700,heterocycle catabolic process,19_GO:0008152 metabolic process,-3.5,4.2,4.8,30293,369,174,9,5.2,1.7,7378|10595|10767|10940|23293|25939|55821|60528|79873,UPP1|ERN2|HBS1L|POP1|SMG6|SAMHD1|ALLC|ELAC2|NUDT18,-1.3
MyList,GO Biological Processes,19,GO:0030100,regulation of endocytosis,19_GO:0051179 localization,-3.5,4.8,4.9,30293,292,174,8,4.6,1.6,197|335|5322|6609|6850|7097|8877|25875,AHSG|APOA1|PLA2G5|SMPD1|SYK|TLR2|SPHK1|LETMD1,-1.3
MyList,KEGG Pathway,24,hsa05134,Legionellosis,,-3.5,12,6.5,30293,56,174,4,2.3,1.1,317|841|7097|10767,APAF1|CASP8|TLR2|HBS1L,-1.3
MyList,WikiPathways,27,WP334,GPCRs class B secretin like,,-3.5,22,7.7,30293,24,174,3,1.7,0.99,976|6344|7433,ADGRE5|SCTR|VIPR1,-1.3
MyList,GO Biological Processes,19,GO:0044283,small molecule biosynthetic process,19_GO:0008152 metabolic process,-3.4,3.8,4.5,30293,463,174,10,5.7,1.8,335|1581|1907|2641|5322|6850|8877|29881|29940|80271,APOA1|CYP7A1|EDN2|GCG|PLA2G5|SYK|SPHK1|NPC1L1|DSE|ITPKC,-1.3
MyList,GO Biological Processes,19,GO:0002253,activation of immune response,19_GO:0002376 immune system process,-3.4,4.1,4.7,30293,380,174,9,5.2,1.7,660|719|729|732|925|3929|6850|7097|115004,BMX|C3AR1|C6|C8B|CD8A|LBP|SYK|TLR2|CGAS,-1.3
MyList,WikiPathways,27,WP2865,IL1 and megakaryocytes in obesity,,-3.4,21,7.6,30293,25,174,3,1.7,0.99,3383|7097|7941,ICAM1|TLR2|PLA2G7,-1.3
MyList,WikiPathways,27,WP4725,Sphingolipid metabolism overview,,-3.4,21,7.6,30293,25,174,3,1.7,0.99,6609|8877|57704,SMPD1|SPHK1|GBA2,-1.3
MyList,GO Biological Processes,19,GO:0006656,phosphatidylcholine biosynthetic process,19_GO:0008152 metabolic process,-3.4,21,7.6,30293,25,174,3,1.7,0.99,335|10390|25979,APOA1|CEPT1|DHRS7B,-1.3
MyList,WikiPathways,27,WP5090,Complement system in neuronal development and plasticity,,-3.4,8.1,5.6,30293,107,174,5,2.9,1.3,317|719|729|732|841,APAF1|C3AR1|C6|C8B|CASP8,-1.3
MyList,GO Biological Processes,19,GO:0051235,maintenance of location,19_GO:0051179 localization,-3.4,6.3,5.2,30293,166,174,6,3.4,1.4,335|4052|4864|6672|53349|55704,APOA1|LTBP1|NPC1|SP100|ZFYVE1|CCDC88A,-1.2
MyList,GO Biological Processes,19,GO:0032760,positive regulation of tumor necrosis factor production,19_GO:0048518 positive regulation of biological process,-3.4,8,5.6,30293,109,174,5,2.9,1.3,914|943|3929|6850|7097,CD2|TNFRSF8|LBP|SYK|TLR2,-1.2
MyList,Reactome Gene Sets,6,R-HSA-1971475,A tetrasaccharide linker sequence is required for GAG synthesis,,-3.4,20,7.4,30293,26,174,3,1.7,0.99,1464|2817|9672,CSPG4|GPC1|SDC3,-1.2
MyList,WikiPathways,27,WP2878,PPAR alpha pathway,,-3.4,20,7.4,30293,26,174,3,1.7,0.99,335|1376|1581,APOA1|CPT2|CYP7A1,-1.2
MyList,GO Biological Processes,19,GO:0042116,macrophage activation,19_GO:0002376 immune system process,-3.3,11,6.1,30293,62,174,4,2.3,1.1,1907|3929|6850|7097,EDN2|LBP|SYK|TLR2,-1.2
MyList,GO Biological Processes,19,GO:0010803,regulation of tumor necrosis factor-mediated signaling pathway,19_GO:0050896 response to stimulus,-3.3,11,6.1,30293,63,174,4,2.3,1.1,335|841|6850|8877,APOA1|CASP8|SYK|SPHK1,-1.2
MyList,GO Biological Processes,19,GO:0032757,positive regulation of interleukin-8 production,19_GO:0048518 positive regulation of biological process,-3.3,11,6.1,30293,63,174,4,2.3,1.1,914|3929|6850|7097,CD2|LBP|SYK|TLR2,-1.2
MyList,GO Biological Processes,19,GO:0008654,phospholipid biosynthetic process,19_GO:0008152 metabolic process,-3.3,5.1,4.8,30293,239,174,7,4,1.5,335|660|1608|8897|10390|25979|80271,APOA1|BMX|DGKG|MTMR3|CEPT1|DHRS7B|ITPKC,-1.2
MyList,GO Biological Processes,19,GO:1903557,positive regulation of tumor necrosis factor superfamily cytokine production,19_GO:0048518 positive regulation of biological process,-3.3,7.7,5.4,30293,113,174,5,2.9,1.3,914|943|3929|6850|7097,CD2|TNFRSF8|LBP|SYK|TLR2,-1.2
MyList,GO Biological Processes,19,GO:0042110,T cell activation,19_GO:0002376 immune system process,-3.3,4.4,4.6,30293,316,174,8,4.6,1.6,841|914|925|2064|3383|6850|23303|79865,CASP8|CD2|CD8A|ERBB2|ICAM1|SYK|KIF13B|TREML2,-1.2
MyList,GO Biological Processes,19,GO:0043408,regulation of MAPK cascade,19_GO:0050896 response to stimulus,-3.3,3.1,4.2,30293,669,174,12,6.9,1.9,1464|2064|2185|2263|2641|3383|5187|5322|6609|6850|8877|10886,CSPG4|ERBB2|PTK2B|FGFR2|GCG|ICAM1|PER1|PLA2G5|SMPD1|SYK|SPHK1|NPFFR2,-1.2
MyList,GO Biological Processes,19,GO:0018108,peptidyl-tyrosine phosphorylation,19_GO:0008152 metabolic process,-3.3,11,6,30293,65,174,4,2.3,1.1,2064|2185|2263|6850,ERBB2|PTK2B|FGFR2|SYK,-1.2
MyList,GO Biological Processes,19,GO:0046386,deoxyribose phosphate catabolic process,19_GO:0008152 metabolic process,-3.3,19,7.1,30293,28,174,3,1.7,0.99,7378|25939|79873,UPP1|SAMHD1|NUDT18,-1.2
MyList,GO Biological Processes,19,GO:0009264,deoxyribonucleotide catabolic process,19_GO:0008152 metabolic process,-3.3,19,7.1,30293,28,174,3,1.7,0.99,7378|25939|79873,UPP1|SAMHD1|NUDT18,-1.2
MyList,Reactome Gene Sets,6,R-HSA-1989781,PPARA activates gene expression,,-3.2,7.4,5.3,30293,117,174,5,2.9,1.3,335|1376|1581|51129|80205,APOA1|CPT2|CYP7A1|ANGPTL4|CHD9,-1.1
MyList,GO Biological Processes,19,GO:0019725,cellular homeostasis,19_GO:0042592 homeostatic process,-3.2,3.1,4.2,30293,680,174,12,6.9,1.9,1581|1907|2890|3383|5029|6344|9256|26056|55177|55277|84181|392862,CYP7A1|EDN2|GRIA1|ICAM1|P2RY2|SCTR|TSPOAP1|RAB11FIP5|RMDN3|FGGY|CHD6|GRID2IP,-1.1
MyList,GO Biological Processes,19,GO:0018212,peptidyl-tyrosine modification,19_GO:0008152 metabolic process,-3.2,10,5.9,30293,67,174,4,2.3,1.1,2064|2185|2263|6850,ERBB2|PTK2B|FGFR2|SYK,-1.1
MyList,GO Biological Processes,19,GO:0035239,tube morphogenesis,19_GO:0032502 developmental process,-3.2,3.1,4.1,30293,682,174,12,6.9,1.9,317|841|1464|1907|2185|2263|6299|6850|8914|51129|51752|57669,APAF1|CASP8|CSPG4|EDN2|PTK2B|FGFR2|SALL1|SYK|TIMELESS|ANGPTL4|ERAP1|EPB41L5,-1.1
MyList,KEGG Pathway,24,hsa05152,Tuberculosis,,-3.2,5.8,4.9,30293,180,174,6,3.4,1.4,317|841|3929|6850|7097|8877,APAF1|CASP8|LBP|SYK|TLR2|SPHK1,-1.1
MyList,GO Biological Processes,19,GO:0015850,organic hydroxy compound transport,19_GO:0051179 localization,-3.2,5.8,4.9,30293,180,174,6,3.4,1.4,335|1581|4864|6850|9123|29881,APOA1|CYP7A1|NPC1|SYK|SLC16A3|NPC1L1,-1.1
MyList,Reactome Gene Sets,6,R-HSA-400206,Regulation of lipid metabolism by PPARalpha,,-3.2,7.3,5.2,30293,119,174,5,2.9,1.3,335|1376|1581|51129|80205,APOA1|CPT2|CYP7A1|ANGPTL4|CHD9,-1.1
MyList,Reactome Gene Sets,6,R-HSA-1280215,Cytokine Signaling in Immune system,,-3.2,2.9,4.1,30293,787,174,13,7.5,2,841|943|2185|3383|3929|5055|6672|6850|8672|8877|25930|25939|55540,CASP8|TNFRSF8|PTK2B|ICAM1|LBP|SERPINB2|SP100|SYK|EIF4G3|SPHK1|PTPN23|SAMHD1|IL17RB,-1.1
MyList,GO Biological Processes,19,GO:0030149,sphingolipid catabolic process,19_GO:0008152 metabolic process,-3.2,17,6.8,30293,30,174,3,1.7,0.99,6609|8877|57704,SMPD1|SPHK1|GBA2,-1.1
MyList,GO Biological Processes,19,GO:0070168,negative regulation of biomineral tissue development,19_GO:0032502 developmental process,-3.2,17,6.8,30293,30,174,3,1.7,0.99,197|2185|2623,AHSG|PTK2B|GATA1,-1.1
MyList,GO Biological Processes,19,GO:0034655,nucleobase-containing compound catabolic process,19_GO:0008152 metabolic process,-3.2,4.2,4.5,30293,330,174,8,4.6,1.6,7378|10595|10767|10940|23293|25939|60528|79873,UPP1|ERN2|HBS1L|POP1|SMG6|SAMHD1|ELAC2|NUDT18,-1.1
MyList,GO Biological Processes,19,GO:0046434,organophosphate catabolic process,19_GO:0008152 metabolic process,-3.2,5.7,4.9,30293,183,174,6,3.4,1.4,5322|6609|7378|7941|25939|79873,PLA2G5|SMPD1|UPP1|PLA2G7|SAMHD1|NUDT18,-1.1
MyList,GO Biological Processes,19,GO:0002688,regulation of leukocyte chemotaxis,19_GO:0040011 locomotion,-3.1,7.1,5.1,30293,123,174,5,2.9,1.3,719|1907|2185|3929|7941,C3AR1|EDN2|PTK2B|LBP|PLA2G7,-1.1
MyList,GO Biological Processes,19,GO:0034369,plasma lipoprotein particle remodeling,19_GO:0032501 multicellular organismal process,-3.1,17,6.7,30293,31,174,3,1.7,0.99,335|5322|7941,APOA1|PLA2G5|PLA2G7,-1.1
MyList,GO Biological Processes,19,GO:0034368,protein-lipid complex remodeling,19_GO:0009987 cellular process,-3.1,17,6.7,30293,31,174,3,1.7,0.99,335|5322|7941,APOA1|PLA2G5|PLA2G7,-1.1
MyList,GO Biological Processes,19,GO:0008202,steroid metabolic process,19_GO:0008152 metabolic process,-3.1,4.7,4.6,30293,258,174,7,4,1.5,319|335|1581|4864|6609|29881|57704,APOF|APOA1|CYP7A1|NPC1|SMPD1|NPC1L1|GBA2,-1.1
MyList,GO Biological Processes,19,GO:0060759,regulation of response to cytokine stimulus,19_GO:0050896 response to stimulus,-3.1,5.6,4.8,30293,187,174,6,3.4,1.4,335|841|6850|7097|8877|25939,APOA1|CASP8|SYK|TLR2|SPHK1|SAMHD1,-1.1
MyList,GO Biological Processes,19,GO:0001525,angiogenesis,19_GO:0032502 developmental process,-3.1,4.1,4.4,30293,338,174,8,4.6,1.6,841|1464|1907|2185|2263|6850|51129|51752,CASP8|CSPG4|EDN2|PTK2B|FGFR2|SYK|ANGPTL4|ERAP1,-1.1
MyList,WikiPathways,27,WP5304,Cholesterol metabolism,,-3.1,9.7,5.6,30293,72,174,4,2.3,1.1,335|1581|4864|29881,APOA1|CYP7A1|NPC1|NPC1L1,-1.1
MyList,GO Biological Processes,19,GO:0032787,monocarboxylic acid metabolic process,19_GO:0008152 metabolic process,-3.1,3.4,4.1,30293,516,174,10,5.7,1.8,1375|1376|1581|1907|2108|4864|5322|9123|29940|57704,CPT1B|CPT2|CYP7A1|EDN2|ETFA|NPC1|PLA2G5|SLC16A3|DSE|GBA2,-1
MyList,Reactome Gene Sets,6,R-HSA-420092,Glucagon-type ligand receptors,,-3,16,6.5,30293,33,174,3,1.7,0.99,2641|6344|7433,GCG|SCTR|VIPR1,-1
MyList,Reactome Gene Sets,6,R-HSA-174824,"Plasma lipoprotein assembly, remodeling, and clearance",,-3,9.3,5.5,30293,75,174,4,2.3,1.1,319|335|4864|51129,APOF|APOA1|NPC1|ANGPTL4,-1
MyList,Reactome Gene Sets,6,R-HSA-8963899,Plasma lipoprotein remodeling,,-3,15,6.4,30293,34,174,3,1.7,0.99,319|335|51129,APOF|APOA1|ANGPTL4,-0.99
MyList,GO Biological Processes,19,GO:0006691,leukotriene metabolic process,19_GO:0008152 metabolic process,-3,15,6.4,30293,34,174,3,1.7,0.99,5322|6850|7097,PLA2G5|SYK|TLR2,-0.99
MyList,GO Biological Processes,19,GO:0006360,transcription by RNA polymerase I,19_GO:0008152 metabolic process,-3,15,6.4,30293,34,174,3,1.7,0.99,9014|10849|11176,TAF1B|POLR1G|BAZ2A,-0.99
MyList,GO Biological Processes,19,GO:0034367,protein-containing complex remodeling,19_GO:0009987 cellular process,-3,15,6.4,30293,34,174,3,1.7,0.99,335|5322|7941,APOA1|PLA2G5|PLA2G7,-0.99
MyList,GO Biological Processes,19,GO:0045765,regulation of angiogenesis,19_GO:0032502 developmental process,-3,4,4.2,30293,352,174,8,4.6,1.6,719|2064|2185|6672|8877|22905|51129|51752,C3AR1|ERBB2|PTK2B|SP100|SPHK1|EPN2|ANGPTL4|ERAP1,-0.97
MyList,GO Biological Processes,19,GO:0006260,DNA replication,19_GO:0008152 metabolic process,-3,5.3,4.6,30293,198,174,6,3.4,1.4,4361|5427|8914|23649|25939|55704,MRE11|POLE2|TIMELESS|POLA2|SAMHD1|CCDC88A,-0.97
MyList,GO Biological Processes,19,GO:0006261,DNA-templated DNA replication,19_GO:0008152 metabolic process,-3,6.4,4.8,30293,135,174,5,2.9,1.3,4361|5427|8914|23649|25939,MRE11|POLE2|TIMELESS|POLA2|SAMHD1,-0.94
MyList,GO Biological Processes,19,GO:0046466,membrane lipid catabolic process,19_GO:0008152 metabolic process,-2.9,15,6.2,30293,36,174,3,1.7,0.99,6609|8877|57704,SMPD1|SPHK1|GBA2,-0.93
MyList,Reactome Gene Sets,6,R-HSA-8956319,Nucleotide catabolism,,-2.9,15,6.2,30293,36,174,3,1.7,0.99,7378|25939|79873,UPP1|SAMHD1|NUDT18,-0.93
MyList,Reactome Gene Sets,6,R-HSA-202733,Cell surface interactions at the vascular wall,,-2.9,6.4,4.8,30293,137,174,5,2.9,1.3,914|2817|3655|9123|9672,CD2|GPC1|ITGA6|SLC16A3|SDC3,-0.92
MyList,GO Biological Processes,19,GO:1901342,regulation of vasculature development,19_GO:0032502 developmental process,-2.9,3.9,4.2,30293,361,174,8,4.6,1.6,719|2064|2185|6672|8877|22905|51129|51752,C3AR1|ERBB2|PTK2B|SP100|SPHK1|EPN2|ANGPTL4|ERAP1,-0.92
MyList,Reactome Gene Sets,6,R-HSA-9012999,RHO GTPase cycle,,-2.9,3.5,4,30293,449,174,9,5.2,1.7,2185|3998|4649|4689|9828|10817|55704|56254|57514,PTK2B|LMAN1|MYO9A|NCF4|ARHGEF17|FRS3|CCDC88A|RNF20|ARHGAP31,-0.92
MyList,KEGG Pathway,24,hsa04080,Neuroactive ligand-receptor interaction,,-2.9,3.8,4.1,30293,367,174,8,4.6,1.6,719|1907|2641|2890|5029|6344|7433|10886,C3AR1|EDN2|GCG|GRIA1|P2RY2|SCTR|VIPR1|NPFFR2,-0.88
MyList,Canonical Pathways,11,M94,PID FAS PATHWAY,,-2.9,14,6,30293,38,174,3,1.7,0.99,841|6609|6850,CASP8|SMPD1|SYK,-0.88
MyList,GO Biological Processes,19,GO:0044270,cellular nitrogen compound catabolic process,19_GO:0008152 metabolic process,-2.9,3.8,4.1,30293,368,174,8,4.6,1.6,7378|10595|10767|10940|23293|25939|60528|79873,UPP1|ERN2|HBS1L|POP1|SMG6|SAMHD1|ELAC2|NUDT18,-0.88
MyList,GO Biological Processes,19,GO:0050921,positive regulation of chemotaxis,19_GO:0040011 locomotion,-2.9,6.1,4.7,30293,142,174,5,2.9,1.3,719|1907|2185|3929|7941,C3AR1|EDN2|PTK2B|LBP|PLA2G7,-0.86
MyList,GO Biological Processes,19,GO:0008206,bile acid metabolic process,19_GO:0008152 metabolic process,-2.8,13,5.9,30293,39,174,3,1.7,0.99,1581|4864|57704,CYP7A1|NPC1|GBA2,-0.85
MyList,KEGG Pathway,24,hsa04610,Complement and coagulation cascades,,-2.8,8.1,5,30293,86,174,4,2.3,1.1,719|729|732|5055,C3AR1|C6|C8B|SERPINB2,-0.83
MyList,GO Biological Processes,19,GO:0030279,negative regulation of ossification,19_GO:0048519 negative regulation of biological process,-2.8,13,5.8,30293,40,174,3,1.7,0.99,197|2185|2623,AHSG|PTK2B|GATA1,-0.82
MyList,GO Biological Processes,19,GO:0034440,lipid oxidation,19_GO:0008152 metabolic process,-2.8,7.9,4.9,30293,88,174,4,2.3,1.1,1375|1376|2108|7941,CPT1B|CPT2|ETFA|PLA2G7,-0.81
MyList,GO Biological Processes,19,GO:0007044,cell-substrate junction assembly,19_GO:0009987 cellular process,-2.8,13,5.7,30293,41,174,3,1.7,0.99,2185|3655|3915,PTK2B|ITGA6|LAMC1,-0.81
MyList,GO Biological Processes,19,GO:0050805,negative regulation of synaptic transmission,19_GO:0048519 negative regulation of biological process,-2.8,13,5.7,30293,41,174,3,1.7,0.99,2185|2890|392862,PTK2B|GRIA1|GRID2IP,-0.81
MyList,GO Biological Processes,19,GO:0009394,2'-deoxyribonucleotide metabolic process,19_GO:0008152 metabolic process,-2.8,13,5.7,30293,41,174,3,1.7,0.99,7378|25939|79873,UPP1|SAMHD1|NUDT18,-0.81
MyList,Reactome Gene Sets,6,R-HSA-3560782,Diseases associated with glycosaminoglycan metabolism,,-2.8,13,5.7,30293,41,174,3,1.7,0.99,1464|2817|9672,CSPG4|GPC1|SDC3,-0.81
MyList,GO Biological Processes,19,GO:0043410,positive regulation of MAPK cascade,19_GO:0048518 positive regulation of biological process,-2.8,3.3,3.8,30293,474,174,9,5.2,1.7,1464|2064|2185|2263|2641|3383|5322|6850|8877,CSPG4|ERBB2|PTK2B|FGFR2|GCG|ICAM1|PLA2G5|SYK|SPHK1,-0.79
MyList,GO Biological Processes,19,GO:0046649,lymphocyte activation,19_GO:0002376 immune system process,-2.7,3.3,3.8,30293,475,174,9,5.2,1.7,841|914|925|2064|2185|3383|6850|23303|79865,CASP8|CD2|CD8A|ERBB2|PTK2B|ICAM1|SYK|KIF13B|TREML2,-0.79
MyList,GO Biological Processes,19,GO:0032365,intracellular lipid transport,19_GO:0051179 localization,-2.7,12,5.6,30293,42,174,3,1.7,0.99,1375|1376|4864,CPT1B|CPT2|NPC1,-0.79
MyList,GO Biological Processes,19,GO:0009262,deoxyribonucleotide metabolic process,19_GO:0008152 metabolic process,-2.7,12,5.6,30293,42,174,3,1.7,0.99,7378|25939|79873,UPP1|SAMHD1|NUDT18,-0.79
MyList,GO Biological Processes,19,GO:0019692,deoxyribose phosphate metabolic process,19_GO:0008152 metabolic process,-2.7,12,5.6,30293,42,174,3,1.7,0.99,7378|25939|79873,UPP1|SAMHD1|NUDT18,-0.79
MyList,GO Biological Processes,19,GO:0055082,intracellular chemical homeostasis,19_GO:0042592 homeostatic process,-2.7,3,3.8,30293,572,174,10,5.7,1.8,1581|1907|2890|3383|5029|6344|9256|26056|55177|392862,CYP7A1|EDN2|GRIA1|ICAM1|P2RY2|SCTR|TSPOAP1|RAB11FIP5|RMDN3|GRID2IP,-0.79
MyList,GO Biological Processes,19,GO:0031344,regulation of cell projection organization,19_GO:0050789 regulation of biological process,-2.7,2.8,3.7,30293,672,174,11,6.3,1.8,322|547|1608|2185|3383|3655|4649|10300|23303|55704|84260,APBB1|KIF1A|DGKG|PTK2B|ICAM1|ITGA6|MYO9A|KATNB1|KIF13B|CCDC88A|TCHP,-0.79
MyList,GO Biological Processes,19,GO:0120161,regulation of cold-induced thermogenesis,19_GO:0042592 homeostatic process,-2.7,5.8,4.5,30293,151,174,5,2.9,1.3,1376|6850|7090|25875|25979,CPT2|SYK|TLE3|LETMD1|DHRS7B,-0.79
MyList,GO Biological Processes,19,GO:0019439,aromatic compound catabolic process,19_GO:0008152 metabolic process,-2.7,3.6,3.9,30293,388,174,8,4.6,1.6,7378|10595|10767|10940|23293|25939|60528|79873,UPP1|ERN2|HBS1L|POP1|SMG6|SAMHD1|ELAC2|NUDT18,-0.78
MyList,GO Biological Processes,19,GO:0015718,monocarboxylic acid transport,19_GO:0051179 localization,-2.7,5.7,4.4,30293,152,174,5,2.9,1.3,1375|1376|1581|5322|9123,CPT1B|CPT2|CYP7A1|PLA2G5|SLC16A3,-0.78
MyList,GO Biological Processes,19,GO:0051056,regulation of small GTPase mediated signal transduction,19_GO:0050896 response to stimulus,-2.7,4,4,30293,303,174,7,4,1.5,335|2064|4649|8437|9828|57514|64926,APOA1|ERBB2|MYO9A|RASAL1|ARHGEF17|ARHGAP31|RASAL3,-0.78
MyList,GO Biological Processes,19,GO:0150115,cell-substrate junction organization,19_GO:0009987 cellular process,-2.7,12,5.6,30293,43,174,3,1.7,0.99,2185|3655|3915,PTK2B|ITGA6|LAMC1,-0.78
MyList,KEGG Pathway,24,hsa04975,Fat digestion and absorption,,-2.7,12,5.6,30293,43,174,3,1.7,0.99,335|5322|29881,APOA1|PLA2G5|NPC1L1,-0.78
MyList,GO Biological Processes,19,GO:0045785,positive regulation of cell adhesion,19_GO:0048518 positive regulation of biological process,-2.7,3.2,3.8,30293,483,174,9,5.2,1.7,335|2064|2185|3655|3915|6850|25930|57669|64926,APOA1|ERBB2|PTK2B|ITGA6|LAMC1|SYK|PTPN23|EPB41L5|RASAL3,-0.77
MyList,GO Biological Processes,19,GO:0001701,in utero embryonic development,19_GO:0032502 developmental process,-2.7,3.5,3.9,30293,393,174,8,4.6,1.6,705|729|841|1376|2263|2623|26524|57669,BYSL|C6|CASP8|CPT2|FGFR2|GATA1|LATS2|EPB41L5,-0.76
MyList,GO Biological Processes,19,GO:0001934,positive regulation of protein phosphorylation,19_GO:0048518 positive regulation of biological process,-2.7,3,3.7,30293,582,174,10,5.7,1.8,1464|2064|2185|2623|2641|4361|6850|8877|55704|57600,CSPG4|ERBB2|PTK2B|GATA1|GCG|MRE11|SYK|SPHK1|CCDC88A|FNIP2,-0.76
MyList,GO Biological Processes,19,GO:0046165,alcohol biosynthetic process,19_GO:0008152 metabolic process,-2.7,7.5,4.8,30293,93,174,4,2.3,1.1,335|8877|29881|80271,APOA1|SPHK1|NPC1L1|ITPKC,-0.76
MyList,GO Biological Processes,19,GO:0034661,ncRNA catabolic process,19_GO:0008152 metabolic process,-2.7,12,5.5,30293,44,174,3,1.7,0.99,10595|10940|60528,ERN2|POP1|ELAC2,-0.76
MyList,GO Biological Processes,19,GO:0031401,positive regulation of protein modification process,19_GO:0048518 positive regulation of biological process,-2.7,2.7,3.6,30293,788,174,12,6.9,1.9,1464|2064|2185|2623|2641|4361|6609|6850|8877|11176|55704|57600,CSPG4|ERBB2|PTK2B|GATA1|GCG|MRE11|SMPD1|SYK|SPHK1|BAZ2A|CCDC88A|FNIP2,-0.76
MyList,GO Biological Processes,19,GO:0045807,positive regulation of endocytosis,19_GO:0051179 localization,-2.7,5.6,4.4,30293,156,174,5,2.9,1.3,197|335|5322|6609|6850,AHSG|APOA1|PLA2G5|SMPD1|SYK,-0.75
MyList,GO Biological Processes,19,GO:0070372,regulation of ERK1 and ERK2 cascade,19_GO:0050896 response to stimulus,-2.7,3.9,4,30293,309,174,7,4,1.5,2064|2185|2263|2641|3383|5322|6850,ERBB2|PTK2B|FGFR2|GCG|ICAM1|PLA2G5|SYK,-0.75
MyList,GO Biological Processes,19,GO:0007229,integrin-mediated signaling pathway,19_GO:0050896 response to stimulus,-2.7,7.4,4.7,30293,94,174,4,2.3,1.1,335|2185|3655|6850,APOA1|PTK2B|ITGA6|SYK,-0.75
MyList,GO Biological Processes,19,GO:0006468,protein phosphorylation,19_GO:0008152 metabolic process,-2.7,3.2,3.7,30293,490,174,9,5.2,1.7,660|2064|2185|2263|6850|7097|10595|26524|57600,BMX|ERBB2|PTK2B|FGFR2|SYK|TLR2|ERN2|LATS2|FNIP2,-0.74
MyList,GO Biological Processes,19,GO:0002685,regulation of leukocyte migration,19_GO:0040011 locomotion,-2.7,4.5,4.1,30293,230,174,6,3.4,1.4,719|1907|2185|3383|3929|7941,C3AR1|EDN2|PTK2B|ICAM1|LBP|PLA2G7,-0.74
MyList,Reactome Gene Sets,6,R-HSA-373080,Class B/2 (Secretin family receptors),,-2.7,7.3,4.7,30293,95,174,4,2.3,1.1,976|2641|6344|7433,ADGRE5|GCG|SCTR|VIPR1,-0.74
MyList,KEGG Pathway,24,hsa04514,Cell adhesion molecules,,-2.6,5.5,4.3,30293,158,174,5,2.9,1.3,914|925|3383|3655|9672,CD2|CD8A|ICAM1|ITGA6|SDC3,-0.74
MyList,GO Biological Processes,19,GO:0051047,positive regulation of secretion,19_GO:0051179 localization,-2.6,3.9,3.9,30293,312,174,7,4,1.5,322|2623|2641|5029|6850|7097|25930,APBB1|GATA1|GCG|P2RY2|SYK|TLR2|PTPN23,-0.74
MyList,KEGG Pathway,24,hsa05171,Coronavirus disease - COVID-19,,-2.6,4.5,4.1,30293,232,174,6,3.4,1.4,719|729|732|6850|7097|115004,C3AR1|C6|C8B|SYK|TLR2|CGAS,-0.73
MyList,WikiPathways,27,WP4658,Small cell lung cancer,,-2.6,7.3,4.7,30293,96,174,4,2.3,1.1,317|841|3655|3915,APAF1|CASP8|ITGA6|LAMC1,-0.73
MyList,GO Biological Processes,19,GO:0002757,immune response-activating signaling pathway,19_GO:0002376 immune system process,-2.6,3.9,3.9,30293,314,174,7,4,1.5,660|719|925|3929|6850|7097|115004,BMX|C3AR1|CD8A|LBP|SYK|TLR2|CGAS,-0.73
MyList,GO Biological Processes,19,GO:0071827,plasma lipoprotein particle organization,19_GO:0032501 multicellular organismal process,-2.6,11,5.3,30293,46,174,3,1.7,0.99,335|5322|7941,APOA1|PLA2G5|PLA2G7,-0.73
MyList,Canonical Pathways,11,M239,PID A6B1 A6B4 INTEGRIN PATHWAY,,-2.6,11,5.3,30293,46,174,3,1.7,0.99,2064|3655|3915,ERBB2|ITGA6|LAMC1,-0.73
MyList,GO Biological Processes,19,GO:0014037,Schwann cell differentiation,19_GO:0032502 developmental process,-2.6,11,5.3,30293,46,174,3,1.7,0.99,2064|2817|4665,ERBB2|GPC1|NAB2,-0.73
MyList,KEGG Pathway,24,hsa03015,mRNA surveillance pathway,,-2.6,7.2,4.6,30293,97,174,4,2.3,1.1,2733|10767|23293|55339,GLE1|HBS1L|SMG6|WDR33,-0.73
MyList,GO Biological Processes,19,GO:0042060,wound healing,19_GO:0050896 response to stimulus,-2.6,3.9,3.9,30293,316,174,7,4,1.5,1608|2064|2623|3998|6609|6850|131566,DGKG|ERBB2|GATA1|LMAN1|SMPD1|SYK|DCBLD2,-0.73
MyList,Reactome Gene Sets,6,R-HSA-977606,Regulation of Complement cascade,,-2.6,11,5.3,30293,47,174,3,1.7,0.99,719|729|732,C3AR1|C6|C8B,-0.72
MyList,GO Biological Processes,19,GO:0009395,phospholipid catabolic process,19_GO:0008152 metabolic process,-2.6,11,5.3,30293,47,174,3,1.7,0.99,5322|6609|7941,PLA2G5|SMPD1|PLA2G7,-0.72
MyList,GO Biological Processes,19,GO:0071214,cellular response to abiotic stimulus,19_GO:0050896 response to stimulus,-2.6,3.8,3.9,30293,318,174,7,4,1.5,41|841|943|6609|26056|51109|84236,ASIC1|CASP8|TNFRSF8|SMPD1|RAB11FIP5|RDH11|RHBDD1,-0.72
MyList,GO Biological Processes,19,GO:0104004,cellular response to environmental stimulus,19_GO:0050896 response to stimulus,-2.6,3.8,3.9,30293,318,174,7,4,1.5,41|841|943|6609|26056|51109|84236,ASIC1|CASP8|TNFRSF8|SMPD1|RAB11FIP5|RDH11|RHBDD1,-0.72
MyList,GO Biological Processes,19,GO:0010638,positive regulation of organelle organization,19_GO:0048518 positive regulation of biological process,-2.6,3.1,3.6,30293,502,174,9,5.2,1.7,335|2185|3998|4361|5322|8877|10300|11346|55704,APOA1|PTK2B|LMAN1|MRE11|PLA2G5|SPHK1|KATNB1|SYNPO|CCDC88A,-0.71
MyList,GO Biological Processes,19,GO:0001819,positive regulation of cytokine production,19_GO:0048518 positive regulation of biological process,-2.6,3.1,3.6,30293,503,174,9,5.2,1.7,719|841|914|943|3929|6850|7097|8877|115004,C3AR1|CASP8|CD2|TNFRSF8|LBP|SYK|TLR2|SPHK1|CGAS,-0.71
MyList,GO Biological Processes,19,GO:0006401,RNA catabolic process,19_GO:0008152 metabolic process,-2.6,5.3,4.2,30293,165,174,5,2.9,1.3,10595|10767|10940|23293|60528,ERN2|HBS1L|POP1|SMG6|ELAC2,-0.7
MyList,GO Biological Processes,19,GO:0042632,cholesterol homeostasis,19_GO:0042592 homeostatic process,-2.6,6.9,4.5,30293,101,174,4,2.3,1.1,335|1581|4864|29881,APOA1|CYP7A1|NPC1|NPC1L1,-0.68
MyList,GO Biological Processes,19,GO:0019915,lipid storage,19_GO:0051179 localization,-2.5,11,5.1,30293,49,174,3,1.7,0.99,335|4864|53349,APOA1|NPC1|ZFYVE1,-0.68
MyList,GO Biological Processes,19,GO:0071825,protein-lipid complex organization,19_GO:0009987 cellular process,-2.5,11,5.1,30293,49,174,3,1.7,0.99,335|5322|7941,APOA1|PLA2G5|PLA2G7,-0.68
MyList,GO Biological Processes,19,GO:0032677,regulation of interleukin-8 production,19_GO:0032501 multicellular organismal process,-2.5,6.8,4.5,30293,102,174,4,2.3,1.1,914|3929|6850|7097,CD2|LBP|SYK|TLR2,-0.68
MyList,GO Biological Processes,19,GO:0055092,sterol homeostasis,19_GO:0042592 homeostatic process,-2.5,6.8,4.5,30293,102,174,4,2.3,1.1,335|1581|4864|29881,APOA1|CYP7A1|NPC1|NPC1L1,-0.68
MyList,GO Biological Processes,19,GO:0002429,immune response-activating cell surface receptor signaling pathway,19_GO:0002376 immune system process,-2.5,4.3,3.9,30293,243,174,6,3.4,1.4,660|719|925|3929|6850|7097,BMX|C3AR1|CD8A|LBP|SYK|TLR2,-0.68
MyList,GO Biological Processes,19,GO:0007169,transmembrane receptor protein tyrosine kinase signaling pathway,19_GO:0050896 response to stimulus,-2.5,3.3,3.6,30293,418,174,8,4.6,1.6,925|1464|2064|2185|2263|6850|10817|10849,CD8A|CSPG4|ERBB2|PTK2B|FGFR2|SYK|FRS3|POLR1G,-0.67
MyList,KEGG Pathway,24,hsa00565,Ether lipid metabolism,,-2.5,10,5.1,30293,50,174,3,1.7,0.99,5322|7941|10390,PLA2G5|PLA2G7|CEPT1,-0.67
MyList,GO Biological Processes,19,GO:0046456,icosanoid biosynthetic process,19_GO:0008152 metabolic process,-2.5,10,5.1,30293,50,174,3,1.7,0.99,1907|5322|6850,EDN2|PLA2G5|SYK,-0.67
MyList,Reactome Gene Sets,6,R-HSA-2187338,Visual phototransduction,,-2.5,6.7,4.4,30293,104,174,4,2.3,1.1,335|2817|9672|51109,APOA1|GPC1|SDC3|RDH11,-0.66
MyList,GO Biological Processes,19,GO:0002521,leukocyte differentiation,19_GO:0032502 developmental process,-2.5,3.3,3.6,30293,421,174,8,4.6,1.6,841|925|2064|2185|2623|6850|7097|25979,CASP8|CD8A|ERBB2|PTK2B|GATA1|SYK|TLR2|DHRS7B,-0.66
MyList,GO Biological Processes,19,GO:0042220,response to cocaine,19_GO:0050896 response to stimulus,-2.5,10,5,30293,51,174,3,1.7,0.99,2185|2890|6609,PTK2B|GRIA1|SMPD1,-0.65
MyList,GO Biological Processes,19,GO:1901617,organic hydroxy compound biosynthetic process,19_GO:0008152 metabolic process,-2.5,5.1,4.1,30293,172,174,5,2.9,1.3,335|1581|8877|29881|80271,APOA1|CYP7A1|SPHK1|NPC1L1|ITPKC,-0.65
MyList,GO Biological Processes,19,GO:0051046,regulation of secretion,19_GO:0051179 localization,-2.5,2.8,3.5,30293,621,174,10,5.7,1.8,41|322|2623|2641|5029|6850|7097|25930|26056|27445,ASIC1|APBB1|GATA1|GCG|P2RY2|SYK|TLR2|PTPN23|RAB11FIP5|PCLO,-0.64
MyList,GO Biological Processes,19,GO:0050727,regulation of inflammatory response,19_GO:0050896 response to stimulus,-2.5,3.3,3.6,30293,425,174,8,4.6,1.6,197|335|3929|6850|7097|7941|8877|25875,AHSG|APOA1|LBP|SYK|TLR2|PLA2G7|SPHK1|LETMD1,-0.64
MyList,Reactome Gene Sets,6,R-HSA-427413,NoRC negatively regulates rRNA expression,,-2.5,6.6,4.4,30293,106,174,4,2.3,1.1,9014|10849|11176|51742,TAF1B|POLR1G|BAZ2A|ARID4B,-0.64
MyList,GO Biological Processes,19,GO:0045088,regulation of innate immune response,19_GO:0044419 biological process involved in interspecies interaction between organisms,-2.5,3.3,3.6,30293,428,174,8,4.6,1.6,841|3929|5322|6850|7097|25939|51752|115004,CASP8|LBP|PLA2G5|SYK|TLR2|SAMHD1|ERAP1|CGAS,-0.62
MyList,GO Biological Processes,19,GO:0010035,response to inorganic substance,19_GO:0050896 response to stimulus,-2.5,3,3.5,30293,525,174,9,5.2,1.7,841|2185|2890|4864|6609|8437|8877|8914|80271,CASP8|PTK2B|GRIA1|NPC1|SMPD1|RASAL1|SPHK1|TIMELESS|ITPKC,-0.62
MyList,GO Biological Processes,19,GO:0001959,regulation of cytokine-mediated signaling pathway,19_GO:0050896 response to stimulus,-2.5,5,4,30293,175,174,5,2.9,1.3,335|841|6850|8877|25939,APOA1|CASP8|SYK|SPHK1|SAMHD1,-0.62
MyList,GO Biological Processes,19,GO:1902905,positive regulation of supramolecular fiber organization,19_GO:0048518 positive regulation of biological process,-2.5,5,4,30293,175,174,5,2.9,1.3,335|2185|10300|11346|55704,APOA1|PTK2B|KATNB1|SYNPO|CCDC88A,-0.62
MyList,GO Biological Processes,19,GO:0001568,blood vessel development,19_GO:0032502 developmental process,-2.5,3,3.5,30293,526,174,9,5.2,1.7,841|1464|1907|2185|2263|6850|8877|51129|51752,CASP8|CSPG4|EDN2|PTK2B|FGFR2|SYK|SPHK1|ANGPTL4|ERAP1,-0.62
MyList,Reactome Gene Sets,6,R-HSA-8957275,Post-translational protein phosphorylation,,-2.5,6.4,4.3,30293,108,174,4,2.3,1.1,197|335|3915|4052,AHSG|APOA1|LAMC1|LTBP1,-0.62
MyList,GO Biological Processes,19,GO:0055088,lipid homeostasis,19_GO:0042592 homeostatic process,-2.4,4.9,4,30293,176,174,5,2.9,1.3,335|1581|4864|29881|51129,APOA1|CYP7A1|NPC1|NPC1L1|ANGPTL4,-0.62
MyList,GO Biological Processes,19,GO:0048514,blood vessel morphogenesis,19_GO:0032502 developmental process,-2.4,3.2,3.5,30293,431,174,8,4.6,1.6,841|1464|1907|2185|2263|6850|51129|51752,CASP8|CSPG4|EDN2|PTK2B|FGFR2|SYK|ANGPTL4|ERAP1,-0.62
MyList,GO Biological Processes,19,GO:0046903,secretion,19_GO:0051179 localization,-2.4,3,3.5,30293,529,174,9,5.2,1.7,41|1952|5322|6850|23265|26056|27445|79613|112476,ASIC1|CELSR2|PLA2G5|SYK|EXOC7|RAB11FIP5|PCLO|TANGO6|PRRT2,-0.61
MyList,Reactome Gene Sets,6,R-HSA-5250941,Negative epigenetic regulation of rRNA expression,,-2.4,6.4,4.3,30293,109,174,4,2.3,1.1,9014|10849|11176|51742,TAF1B|POLR1G|BAZ2A|ARID4B,-0.61
MyList,KEGG Pathway,24,hsa00600,Sphingolipid metabolism,,-2.4,9.7,4.8,30293,54,174,3,1.7,0.99,6609|8877|57704,SMPD1|SPHK1|GBA2,-0.61
MyList,GO Biological Processes,19,GO:0015909,long-chain fatty acid transport,19_GO:0051179 localization,-2.4,9.7,4.8,30293,54,174,3,1.7,0.99,1375|1376|5322,CPT1B|CPT2|PLA2G5,-0.61
MyList,GO Biological Processes,19,GO:0090130,tissue migration,19_GO:0032501 multicellular organismal process,-2.4,6.3,4.3,30293,110,174,4,2.3,1.1,335|1907|2185|57669,APOA1|EDN2|PTK2B|EPB41L5,-0.6
MyList,GO Biological Processes,19,GO:0034330,cell junction organization,19_GO:0009987 cellular process,-2.4,2.9,3.4,30293,533,174,9,5.2,1.7,2064|2185|2890|3655|3915|4649|8496|11346|27445,ERBB2|PTK2B|GRIA1|ITGA6|LAMC1|MYO9A|PPFIBP1|SYNPO|PCLO,-0.6
MyList,KEGG Pathway,24,hsa05145,Toxoplasmosis,,-2.4,6.3,4.2,30293,111,174,4,2.3,1.1,841|3655|3915|7097,CASP8|ITGA6|LAMC1|TLR2,-0.59
MyList,GO Biological Processes,19,GO:0070201,regulation of establishment of protein localization,19_GO:0051179 localization,-2.4,2.9,3.4,30293,535,174,9,5.2,1.7,322|2064|2641|3998|6672|7097|25930|26056|57669,APBB1|ERBB2|GCG|LMAN1|SP100|TLR2|PTPN23|RAB11FIP5|EPB41L5,-0.59
MyList,GO Biological Processes,19,GO:0002764,immune response-regulating signaling pathway,19_GO:0002376 immune system process,-2.4,3.5,3.6,30293,347,174,7,4,1.5,660|719|925|3929|6850|7097|115004,BMX|C3AR1|CD8A|LBP|SYK|TLR2|CGAS,-0.58
MyList,GO Biological Processes,19,GO:0045005,DNA-templated DNA replication maintenance of fidelity,19_GO:0008152 metabolic process,-2.4,9.3,4.7,30293,56,174,3,1.7,0.99,4361|8914|25939,MRE11|TIMELESS|SAMHD1,-0.57
MyList,GO Biological Processes,19,GO:0051495,positive regulation of cytoskeleton organization,19_GO:0048518 positive regulation of biological process,-2.4,4.7,3.9,30293,184,174,5,2.9,1.3,335|2185|10300|11346|55704,APOA1|PTK2B|KATNB1|SYNPO|CCDC88A,-0.56
MyList,GO Biological Processes,19,GO:0051336,regulation of hydrolase activity,19_GO:0065007 biological regulation,-2.4,2.5,3.3,30293,753,174,11,6.3,1.8,197|317|335|841|2263|3655|5055|5322|6850|51129|51735,AHSG|APAF1|APOA1|CASP8|FGFR2|ITGA6|SERPINB2|PLA2G5|SYK|ANGPTL4|RAPGEF6,-0.56
MyList,Reactome Gene Sets,6,R-HSA-1638091,Heparan sulfate/heparin (HS-GAG) metabolism,,-2.4,9.2,4.7,30293,57,174,3,1.7,0.99,1464|2817|9672,CSPG4|GPC1|SDC3,-0.56
MyList,GO Biological Processes,19,GO:0044282,small molecule catabolic process,19_GO:0008152 metabolic process,-2.4,3.5,3.5,30293,352,174,7,4,1.5,1375|1376|1581|2108|7378|9123|64080,CPT1B|CPT2|CYP7A1|ETFA|UPP1|SLC16A3|RBKS,-0.55
MyList,GO Biological Processes,19,GO:0050778,positive regulation of immune response,19_GO:0002376 immune system process,-2.4,2.7,3.3,30293,648,174,10,5.7,1.8,660|719|729|732|925|3929|5322|6850|7097|115004,BMX|C3AR1|C6|C8B|CD8A|LBP|PLA2G5|SYK|TLR2|CGAS,-0.55
MyList,GO Biological Processes,19,GO:0090407,organophosphate biosynthetic process,19_GO:0008152 metabolic process,-2.4,2.9,3.4,30293,545,174,9,5.2,1.7,335|660|1608|5635|7378|8897|10390|25979|80271,APOA1|BMX|DGKG|PRPSAP1|UPP1|MTMR3|CEPT1|DHRS7B|ITPKC,-0.55
MyList,GO Biological Processes,19,GO:0006690,icosanoid metabolic process,19_GO:0008152 metabolic process,-2.4,6.1,4.1,30293,115,174,4,2.3,1.1,1907|5322|6850|7097,EDN2|PLA2G5|SYK|TLR2,-0.55
MyList,GO Biological Processes,19,GO:0050878,regulation of body fluid levels,19_GO:0065007 biological regulation,-2.4,3.5,3.5,30293,353,174,7,4,1.5,1608|1952|2623|3998|5029|5055|6850,DGKG|CELSR2|GATA1|LMAN1|P2RY2|SERPINB2|SYK,-0.55
MyList,GO Biological Processes,19,GO:0001944,vasculature development,19_GO:0032502 developmental process,-2.3,2.9,3.4,30293,546,174,9,5.2,1.7,841|1464|1907|2185|2263|6850|8877|51129|51752,CASP8|CSPG4|EDN2|PTK2B|FGFR2|SYK|SPHK1|ANGPTL4|ERAP1,-0.55
MyList,WikiPathways,27,WP558,Complement and coagulation cascades,,-2.3,9,4.6,30293,58,174,3,1.7,0.99,719|729|3998,C3AR1|C6|LMAN1,-0.55
MyList,Reactome Gene Sets,6,R-HSA-166658,Complement cascade,,-2.3,9,4.6,30293,58,174,3,1.7,0.99,719|729|732,C3AR1|C6|C8B,-0.55
MyList,GO Biological Processes,19,GO:0072329,monocarboxylic acid catabolic process,19_GO:0008152 metabolic process,-2.3,6,4.1,30293,116,174,4,2.3,1.1,1375|1376|2108|9123,CPT1B|CPT2|ETFA|SLC16A3,-0.55
MyList,GO Biological Processes,19,GO:0045766,positive regulation of angiogenesis,19_GO:0032502 developmental process,-2.3,4.7,3.8,30293,187,174,5,2.9,1.3,719|2185|8877|51129|51752,C3AR1|PTK2B|SPHK1|ANGPTL4|ERAP1,-0.55
MyList,GO Biological Processes,19,GO:0023061,signal release,19_GO:0051179 localization,-2.3,4.7,3.8,30293,187,174,5,2.9,1.3,41|6850|26056|27445|112476,ASIC1|SYK|RAB11FIP5|PCLO|PRRT2,-0.55
MyList,GO Biological Processes,19,GO:0006974,DNA damage response,19_GO:0050896 response to stimulus,-2.3,2.5,3.2,30293,761,174,11,6.3,1.8,322|4361|5427|6672|8914|10973|25939|55339|56946|57600|115004,APBB1|MRE11|POLE2|SP100|TIMELESS|ASCC3|SAMHD1|WDR33|EMSY|FNIP2|CGAS,-0.54
MyList,GO Biological Processes,19,GO:0031122,cytoplasmic microtubule organization,19_GO:0009987 cellular process,-2.3,8.9,4.6,30293,59,174,3,1.7,0.99,10300|54627|55704,KATNB1|MAP10|CCDC88A,-0.54
MyList,GO Biological Processes,19,GO:0097006,regulation of plasma lipoprotein particle levels,19_GO:0050789 regulation of biological process,-2.3,8.9,4.6,30293,59,174,3,1.7,0.99,335|5322|7941,APOA1|PLA2G5|PLA2G7,-0.54
MyList,Reactome Gene Sets,6,R-HSA-3000171,Non-integrin membrane-ECM interactions,,-2.3,8.9,4.6,30293,59,174,3,1.7,0.99,3655|3915|9672,ITGA6|LAMC1|SDC3,-0.54
MyList,GO Biological Processes,19,GO:0051480,regulation of cytosolic calcium ion concentration,19_GO:0042592 homeostatic process,-2.3,8.9,4.6,30293,59,174,3,1.7,0.99,2890|9256|392862,GRIA1|TSPOAP1|GRID2IP,-0.54
MyList,GO Biological Processes,19,GO:0120035,regulation of plasma membrane bounded cell projection organization,19_GO:0050789 regulation of biological process,-2.3,2.7,3.3,30293,656,174,10,5.7,1.8,322|547|1608|2185|3383|3655|10300|23303|55704|84260,APBB1|KIF1A|DGKG|PTK2B|ICAM1|ITGA6|KATNB1|KIF13B|CCDC88A|TCHP,-0.54
MyList,GO Biological Processes,19,GO:0032680,regulation of tumor necrosis factor production,19_GO:0032501 multicellular organismal process,-2.3,4.6,3.8,30293,189,174,5,2.9,1.3,914|943|3929|6850|7097,CD2|TNFRSF8|LBP|SYK|TLR2,-0.54
MyList,GO Biological Processes,19,GO:0042063,gliogenesis,19_GO:0032502 developmental process,-2.3,3.9,3.6,30293,271,174,6,3.4,1.4,1464|2064|2185|2817|4665|7097,CSPG4|ERBB2|PTK2B|GPC1|NAB2|TLR2,-0.53
MyList,GO Biological Processes,19,GO:1904018,positive regulation of vasculature development,19_GO:0032502 developmental process,-2.3,4.6,3.8,30293,190,174,5,2.9,1.3,719|2185|8877|51129|51752,C3AR1|PTK2B|SPHK1|ANGPTL4|ERAP1,-0.53
MyList,GO Biological Processes,19,GO:0010038,response to metal ion,19_GO:0050896 response to stimulus,-2.3,3.4,3.5,30293,360,174,7,4,1.5,841|2185|2890|4864|6609|8437|80271,CASP8|PTK2B|GRIA1|NPC1|SMPD1|RASAL1|ITPKC,-0.53
MyList,GO Biological Processes,19,GO:0006635,fatty acid beta-oxidation,19_GO:0008152 metabolic process,-2.3,8.7,4.5,30293,60,174,3,1.7,0.99,1375|1376|2108,CPT1B|CPT2|ETFA,-0.53
MyList,GO Biological Processes,19,GO:0032103,positive regulation of response to external stimulus,19_GO:0048518 positive regulation of biological process,-2.3,2.8,3.3,30293,557,174,9,5.2,1.7,719|1907|2185|3929|5322|6850|7097|7941|115004,C3AR1|EDN2|PTK2B|LBP|PLA2G5|SYK|TLR2|PLA2G7|CGAS,-0.52
MyList,GO Biological Processes,19,GO:0002252,immune effector process,19_GO:0002376 immune system process,-2.3,3,3.4,30293,457,174,8,4.6,1.6,729|732|914|925|2185|3383|3929|6850,C6|C8B|CD2|CD8A|PTK2B|ICAM1|LBP|SYK,-0.52
MyList,GO Biological Processes,19,GO:0002768,immune response-regulating cell surface receptor signaling pathway,19_GO:0002376 immune system process,-2.3,3.8,3.6,30293,274,174,6,3.4,1.4,660|719|925|3929|6850|7097,BMX|C3AR1|CD8A|LBP|SYK|TLR2,-0.52
MyList,GO Biological Processes,19,GO:0010975,regulation of neuron projection development,19_GO:0032502 developmental process,-2.3,3,3.3,30293,459,174,8,4.6,1.6,322|547|1608|2185|3655|10300|23303|55704,APBB1|KIF1A|DGKG|PTK2B|ITGA6|KATNB1|KIF13B|CCDC88A,-0.52
MyList,GO Biological Processes,19,GO:0032233,positive regulation of actin filament bundle assembly,19_GO:0048518 positive regulation of biological process,-2.3,8.6,4.5,30293,61,174,3,1.7,0.99,335|11346|55704,APOA1|SYNPO|CCDC88A,-0.52
MyList,Canonical Pathways,11,M58,PID AR PATHWAY,,-2.3,8.6,4.5,30293,61,174,3,1.7,0.99,841|2185|26524,CASP8|PTK2B|LATS2,-0.52
MyList,GO Biological Processes,19,GO:1903555,regulation of tumor necrosis factor superfamily cytokine production,19_GO:0032501 multicellular organismal process,-2.3,4.5,3.7,30293,194,174,5,2.9,1.3,914|943|3929|6850|7097,CD2|TNFRSF8|LBP|SYK|TLR2,-0.51
MyList,GO Biological Processes,19,GO:0045471,response to ethanol,19_GO:0050896 response to stimulus,-2.3,5.7,4,30293,122,174,4,2.3,1.1,841|1581|2185|2263,CASP8|CYP7A1|PTK2B|FGFR2,-0.5
MyList,GO Biological Processes,19,GO:0002220,innate immune response activating cell surface receptor signaling pathway,19_GO:0044419 biological process involved in interspecies interaction between organisms,-2.3,8.4,4.4,30293,62,174,3,1.7,0.99,3929|6850|7097,LBP|SYK|TLR2,-0.5
MyList,GO Biological Processes,19,GO:1903530,regulation of secretion by cell,19_GO:0051179 localization,-2.2,2.8,3.2,30293,567,174,9,5.2,1.7,41|322|2623|2641|6850|7097|25930|26056|27445,ASIC1|APBB1|GATA1|GCG|SYK|TLR2|PTPN23|RAB11FIP5|PCLO,-0.49
MyList,WikiPathways,27,WP5222,2q13 copy number variation syndrome,,-2.2,8.3,4.4,30293,63,174,3,1.7,0.99,6574|10849|376940,SLC20A1|POLR1G|ZC3H6,-0.48
MyList,GO Biological Processes,19,GO:0010811,positive regulation of cell-substrate adhesion,19_GO:0048518 positive regulation of biological process,-2.2,5.6,3.9,30293,124,174,4,2.3,1.1,335|2185|3655|57669,APOA1|PTK2B|ITGA6|EPB41L5,-0.48
MyList,GO Biological Processes,19,GO:0071407,cellular response to organic cyclic compound,19_GO:0050896 response to stimulus,-2.2,3,3.3,30293,468,174,8,4.6,1.6,841|1581|2623|2890|3655|4864|5029|115004,CASP8|CYP7A1|GATA1|GRIA1|ITGA6|NPC1|P2RY2|CGAS,-0.48
MyList,Reactome Gene Sets,6,R-HSA-500792,GPCR ligand binding,,-2.2,3,3.3,30293,468,174,8,4.6,1.6,719|976|1907|2641|5029|6344|7433|10886,C3AR1|ADGRE5|EDN2|GCG|P2RY2|SCTR|VIPR1|NPFFR2,-0.48
MyList,Reactome Gene Sets,6,R-HSA-381426,Regulation of Insulin-like Growth Factor (IGF) transport and uptake by Insulin-like Growth Factor Binding Proteins (IGFBPs),,-2.2,5.6,3.9,30293,125,174,4,2.3,1.1,197|335|3915|4052,AHSG|APOA1|LAMC1|LTBP1,-0.47
MyList,GO Biological Processes,19,GO:0043068,positive regulation of programmed cell death,19_GO:0048518 positive regulation of biological process,-2.2,2.7,3.2,30293,572,174,9,5.2,1.7,317|322|841|943|3655|6609|6850|10300|26524,APAF1|APBB1|CASP8|TNFRSF8|ITGA6|SMPD1|SYK|KATNB1|LATS2,-0.47
MyList,GO Biological Processes,19,GO:0034329,cell junction assembly,19_GO:0009987 cellular process,-2.2,3.7,3.5,30293,283,174,6,3.4,1.4,2185|2890|3655|3915|4649|27445,PTK2B|GRIA1|ITGA6|LAMC1|MYO9A|PCLO,-0.47
MyList,GO Biological Processes,19,GO:0006874,intracellular calcium ion homeostasis,19_GO:0042592 homeostatic process,-2.2,4.4,3.6,30293,200,174,5,2.9,1.3,1907|2890|9256|55177|392862,EDN2|GRIA1|TSPOAP1|RMDN3|GRID2IP,-0.47
MyList,Reactome Gene Sets,6,R-HSA-1630316,Glycosaminoglycan metabolism,,-2.2,5.5,3.9,30293,126,174,4,2.3,1.1,1464|2817|9672|29940,CSPG4|GPC1|SDC3|DSE,-0.47
MyList,GO Biological Processes,19,GO:0042552,myelination,19_GO:0032502 developmental process,-2.2,5.5,3.9,30293,126,174,4,2.3,1.1,2064|2817|4665|7097,ERBB2|GPC1|NAB2|TLR2,-0.47
MyList,GO Biological Processes,19,GO:0030097,hemopoiesis,19_GO:0032502 developmental process,-2.2,2.6,3.1,30293,680,174,10,5.7,1.8,841|925|2064|2185|2263|2623|6850|7097|23186|25979,CASP8|CD8A|ERBB2|PTK2B|FGFR2|GATA1|SYK|TLR2|RCOR1|DHRS7B,-0.47
MyList,Reactome Gene Sets,6,R-HSA-449147,Signaling by Interleukins,,-2.2,2.9,3.2,30293,473,174,8,4.6,1.6,841|2185|3383|3929|5055|6850|25930|55540,CASP8|PTK2B|ICAM1|LBP|SERPINB2|SYK|PTPN23|IL17RB,-0.47
MyList,GO Biological Processes,19,GO:1904036,negative regulation of epithelial cell apoptotic process,19_GO:0048519 negative regulation of biological process,-2.2,8,4.3,30293,65,174,3,1.7,0.99,3383|4864|51129,ICAM1|NPC1|ANGPTL4,-0.47
MyList,KEGG Pathway,24,hsa05169,Epstein-Barr virus infection,,-2.2,4.3,3.6,30293,202,174,5,2.9,1.3,317|841|3383|6850|7097,APAF1|CASP8|ICAM1|SYK|TLR2,-0.46
MyList,GO Biological Processes,19,GO:0007272,ensheathment of neurons,19_GO:0032502 developmental process,-2.2,5.4,3.8,30293,128,174,4,2.3,1.1,2064|2817|4665|7097,ERBB2|GPC1|NAB2|TLR2,-0.46
MyList,GO Biological Processes,19,GO:0046683,response to organophosphorus,19_GO:0050896 response to stimulus,-2.2,5.4,3.8,30293,128,174,4,2.3,1.1,2185|2623|5029|5187,PTK2B|GATA1|P2RY2|PER1,-0.46
MyList,GO Biological Processes,19,GO:0008366,axon ensheathment,19_GO:0032502 developmental process,-2.2,5.4,3.8,30293,128,174,4,2.3,1.1,2064|2817|4665|7097,ERBB2|GPC1|NAB2|TLR2,-0.46
MyList,GO Biological Processes,19,GO:0030335,positive regulation of cell migration,19_GO:0040011 locomotion,-2.2,2.7,3.2,30293,579,174,9,5.2,1.7,719|1907|2185|3383|3655|3929|7941|8877|57669,C3AR1|EDN2|PTK2B|ICAM1|ITGA6|LBP|PLA2G7|SPHK1|EPB41L5,-0.46
MyList,Canonical Pathways,11,M18,PID INTEGRIN1 PATHWAY,,-2.2,7.9,4.3,30293,66,174,3,1.7,0.99,1464|3655|3915,CSPG4|ITGA6|LAMC1,-0.46
MyList,GO Biological Processes,19,GO:1903532,positive regulation of secretion by cell,19_GO:0051179 localization,-2.2,3.6,3.4,30293,290,174,6,3.4,1.4,322|2623|2641|6850|7097|25930,APBB1|GATA1|GCG|SYK|TLR2|PTPN23,-0.44
MyList,KEGG Pathway,24,hsa05416,Viral myocarditis,,-2.2,7.8,4.2,30293,67,174,3,1.7,0.99,841|3383|8672,CASP8|ICAM1|EIF4G3,-0.44
MyList,GO Biological Processes,19,GO:0002697,regulation of immune effector process,19_GO:0002376 immune system process,-2.2,3.2,3.3,30293,383,174,7,4,1.5,335|2623|3383|3929|5322|6850|115004,APOA1|GATA1|ICAM1|LBP|PLA2G5|SYK|CGAS,-0.44
MyList,GO Biological Processes,19,GO:0002443,leukocyte mediated immunity,19_GO:0002376 immune system process,-2.2,3.6,3.4,30293,291,174,6,3.4,1.4,729|732|914|925|3383|6850,C6|C8B|CD2|CD8A|ICAM1|SYK,-0.44
MyList,GO Biological Processes,19,GO:0071692,protein localization to extracellular region,19_GO:0051179 localization,-2.2,5.3,3.8,30293,131,174,4,2.3,1.1,4052|26056|27445|79613,LTBP1|RAB11FIP5|PCLO|TANGO6,-0.43
MyList,GO Biological Processes,19,GO:0140029,exocytic process,19_GO:0051179 localization,-2.1,7.7,4.2,30293,68,174,3,1.7,0.99,6850|23265|112476,SYK|EXOC7|PRRT2,-0.43
MyList,GO Biological Processes,19,GO:0008283,cell population proliferation,19_GO:0009987 cellular process,-2.1,2.5,3,30293,696,174,10,5.7,1.8,335|705|2064|2185|2263|2623|4361|6574|8877|10973,APOA1|BYSL|ERBB2|PTK2B|FGFR2|GATA1|MRE11|SLC20A1|SPHK1|ASCC3,-0.43
MyList,GO Biological Processes,19,GO:0051345,positive regulation of hydrolase activity,19_GO:0065007 biological regulation,-2.1,2.9,3.1,30293,487,174,8,4.6,1.6,317|335|841|2263|3655|5322|6850|51735,APAF1|APOA1|CASP8|FGFR2|ITGA6|PLA2G5|SYK|RAPGEF6,-0.42
MyList,WikiPathways,27,WP707,DNA damage response,,-2.1,7.6,4.2,30293,69,174,3,1.7,0.99,317|841|4361,APAF1|CASP8|MRE11,-0.42
MyList,KEGG Pathway,24,hsa05230,Central carbon metabolism in cancer,,-2.1,7.5,4.1,30293,70,174,3,1.7,0.99,2064|2263|9123,ERBB2|FGFR2|SLC16A3,-0.4
MyList,KEGG Pathway,24,hsa05170,Human immunodeficiency virus 1 infection,,-2.1,4.1,3.4,30293,212,174,5,2.9,1.3,841|2185|7097|25939|115004,CASP8|PTK2B|TLR2|SAMHD1|CGAS,-0.4
MyList,GO Biological Processes,19,GO:0022407,regulation of cell-cell adhesion,19_GO:0050789 regulation of biological process,-2.1,2.8,3.1,30293,494,174,8,4.6,1.6,335|1952|2064|5322|6850|25930|57669|64926,APOA1|CELSR2|ERBB2|PLA2G5|SYK|PTPN23|EPB41L5|RASAL3,-0.39
MyList,GO Biological Processes,19,GO:0060191,regulation of lipase activity,19_GO:0065007 biological regulation,-2.1,7.4,4.1,30293,71,174,3,1.7,0.99,2263|5322|51129,FGFR2|PLA2G5|ANGPTL4,-0.39
MyList,GO Biological Processes,19,GO:0043542,endothelial cell migration,19_GO:0032501 multicellular organismal process,-2.1,7.4,4.1,30293,71,174,3,1.7,0.99,335|1907|2185,APOA1|EDN2|PTK2B,-0.39
MyList,GO Biological Processes,19,GO:0030301,cholesterol transport,19_GO:0051179 localization,-2.1,7.4,4.1,30293,71,174,3,1.7,0.99,335|4864|29881,APOA1|NPC1|NPC1L1,-0.39
MyList,Reactome Gene Sets,6,R-HSA-372790,Signaling by GPCR,,-2.1,2.5,3,30293,709,174,10,5.7,1.8,719|976|1608|1907|2641|5029|6344|7433|9828|10886,C3AR1|ADGRE5|DGKG|EDN2|GCG|P2RY2|SCTR|VIPR1|ARHGEF17|NPFFR2,-0.39
MyList,GO Biological Processes,19,GO:0015711,organic anion transport,19_GO:0051179 localization,-2.1,3.1,3.2,30293,396,174,7,4,1.5,1375|1376|1581|5322|9123|9197|64849,CPT1B|CPT2|CYP7A1|PLA2G5|SLC16A3|SLC33A1|SLC13A3,-0.39
MyList,GO Biological Processes,19,GO:0060560,developmental growth involved in morphogenesis,19_GO:0040007 growth,-2.1,5.1,3.6,30293,137,174,4,2.3,1.1,1907|2263|6299|57669,EDN2|FGFR2|SALL1|EPB41L5,-0.39
MyList,GO Biological Processes,19,GO:0030163,protein catabolic process,19_GO:0008152 metabolic process,-2.1,2.5,3,30293,710,174,10,5.7,1.8,841|2817|9123|10973|11101|22836|25930|56254|64219|84236,CASP8|GPC1|SLC16A3|ASCC3|ATE1|RHOBTB3|PTPN23|RNF20|PJA1|RHBDD1,-0.39
MyList,GO Biological Processes,19,GO:0048167,regulation of synaptic plasticity,19_GO:0050789 regulation of biological process,-2.1,4,3.4,30293,215,174,5,2.9,1.3,2185|2890|6344|112476|392862,PTK2B|GRIA1|SCTR|PRRT2|GRID2IP,-0.39
MyList,GO Biological Processes,19,GO:0050766,positive regulation of phagocytosis,19_GO:0051179 localization,-2.1,7.3,4,30293,72,174,3,1.7,0.99,197|335|5322,AHSG|APOA1|PLA2G5,-0.38
MyList,GO Biological Processes,19,GO:0032722,positive regulation of chemokine production,19_GO:0048518 positive regulation of biological process,-2.1,7.3,4,30293,72,174,3,1.7,0.99,3929|6850|7097,LBP|SYK|TLR2,-0.38
MyList,GO Biological Processes,19,GO:0070374,positive regulation of ERK1 and ERK2 cascade,19_GO:0048518 positive regulation of biological process,-2.1,4,3.4,30293,216,174,5,2.9,1.3,2185|2263|2641|3383|5322,PTK2B|FGFR2|GCG|ICAM1|PLA2G5,-0.38
MyList,GO Biological Processes,19,GO:0045727,positive regulation of translation,19_GO:0048518 positive regulation of biological process,-2.1,5,3.6,30293,138,174,4,2.3,1.1,2064|2185|8672|55005,ERBB2|PTK2B|EIF4G3|RMND1,-0.38
MyList,GO Biological Processes,19,GO:0002758,innate immune response-activating signaling pathway,19_GO:0044419 biological process involved in interspecies interaction between organisms,-2.1,5,3.6,30293,138,174,4,2.3,1.1,3929|6850|7097|115004,LBP|SYK|TLR2|CGAS,-0.38
MyList,GO Biological Processes,19,GO:0046942,carboxylic acid transport,19_GO:0051179 localization,-2.1,3.4,3.2,30293,304,174,6,3.4,1.4,1375|1376|1581|5322|9123|64849,CPT1B|CPT2|CYP7A1|PLA2G5|SLC16A3|SLC13A3,-0.38
MyList,GO Biological Processes,19,GO:1901136,carbohydrate derivative catabolic process,19_GO:0008152 metabolic process,-2.1,4,3.4,30293,217,174,5,2.9,1.3,2817|7378|25939|57704|79873,GPC1|UPP1|SAMHD1|GBA2|NUDT18,-0.38
MyList,Reactome Gene Sets,6,R-HSA-416476,G alpha (q) signalling events,,-2.1,4,3.4,30293,217,174,5,2.9,1.3,1608|1907|2641|5029|10886,DGKG|EDN2|GCG|P2RY2|NPFFR2,-0.38
MyList,GO Biological Processes,19,GO:0015849,organic acid transport,19_GO:0051179 localization,-2.1,3.4,3.2,30293,305,174,6,3.4,1.4,1375|1376|1581|5322|9123|64849,CPT1B|CPT2|CYP7A1|PLA2G5|SLC16A3|SLC13A3,-0.38
MyList,GO Biological Processes,19,GO:2000147,positive regulation of cell motility,19_GO:0040011 locomotion,-2.1,2.6,3,30293,606,174,9,5.2,1.7,719|1907|2185|3383|3655|3929|7941|8877|57669,C3AR1|EDN2|PTK2B|ICAM1|ITGA6|LBP|PLA2G7|SPHK1|EPB41L5,-0.38
MyList,WikiPathways,27,WP1530,miRNA regulation of DNA damage response,,-2.1,7.2,4,30293,73,174,3,1.7,0.99,317|841|4361,APAF1|CASP8|MRE11,-0.38
MyList,GO Biological Processes,19,GO:0032481,positive regulation of type I interferon production,19_GO:0048518 positive regulation of biological process,-2.1,7.2,4,30293,73,174,3,1.7,0.99,6850|7097|115004,SYK|TLR2|CGAS,-0.38
MyList,KEGG Pathway,24,hsa01524,Platinum drug resistance,,-2.1,7.2,4,30293,73,174,3,1.7,0.99,317|841|2064,APAF1|CASP8|ERBB2,-0.38
MyList,WikiPathways,27,WP5115,Network map of SARS CoV 2 signaling pathway,,-2.1,4,3.4,30293,218,174,5,2.9,1.3,335|841|914|925|3929,APOA1|CASP8|CD2|CD8A|LBP,-0.38
MyList,WikiPathways,27,WP4674,Head and neck squamous cell carcinoma,,-2,7.1,4,30293,74,174,3,1.7,0.99,841|2064|2263,CASP8|ERBB2|FGFR2,-0.37
MyList,Reactome Gene Sets,6,R-HSA-9716542,"Signaling by Rho GTPases, Miro GTPases and RHOBTB3",,-2,2.4,2.9,30293,722,174,10,5.7,1.8,2185|3998|4649|4689|9828|10817|22836|55704|56254|57514,PTK2B|LMAN1|MYO9A|NCF4|ARHGEF17|FRS3|RHOBTB3|CCDC88A|RNF20|ARHGAP31,-0.36
MyList,KEGG Pathway,24,hsa04936,Alcoholic liver disease,,-2,4.9,3.5,30293,142,174,4,2.3,1.1,719|841|1375|3929,C3AR1|CASP8|CPT1B|LBP,-0.36
MyList,GO Biological Processes,19,GO:1905039,carboxylic acid transmembrane transport,19_GO:0051179 localization,-2,4.9,3.5,30293,142,174,4,2.3,1.1,1375|1376|9123|64849,CPT1B|CPT2|SLC16A3|SLC13A3,-0.36
MyList,KEGG Pathway,24,hsa04623,Cytosolic DNA-sensing pathway,,-2,7,3.9,30293,75,174,3,1.7,0.99,841|25939|115004,CASP8|SAMHD1|CGAS,-0.36
MyList,GO Biological Processes,19,GO:0006281,DNA repair,19_GO:0050896 response to stimulus,-2,2.7,3,30293,508,174,8,4.6,1.6,4361|5427|8914|10973|25939|55339|56946|115004,MRE11|POLE2|TIMELESS|ASCC3|SAMHD1|WDR33|EMSY|CGAS,-0.36
MyList,GO Biological Processes,19,GO:1903825,organic acid transmembrane transport,19_GO:0051179 localization,-2,4.9,3.5,30293,143,174,4,2.3,1.1,1375|1376|9123|64849,CPT1B|CPT2|SLC16A3|SLC13A3,-0.35
MyList,GO Biological Processes,19,GO:0014074,response to purine-containing compound,19_GO:0050896 response to stimulus,-2,4.9,3.5,30293,143,174,4,2.3,1.1,2185|2623|5029|5187,PTK2B|GATA1|P2RY2|PER1,-0.35
MyList,GO Biological Processes,19,GO:0040008,regulation of growth,19_GO:0040007 growth,-2,2.5,2.9,30293,616,174,9,5.2,1.7,2064|2185|2263|8437|8877|26524|55540|84260|131566,ERBB2|PTK2B|FGFR2|RASAL1|SPHK1|LATS2|IL17RB|TCHP|DCBLD2,-0.35
MyList,Reactome Gene Sets,6,R-HSA-382551,Transport of small molecules,,-2,2.4,2.9,30293,727,174,10,5.7,1.8,41|319|335|4864|6574|9123|9197|51129|64849|340273,ASIC1|APOF|APOA1|NPC1|SLC20A1|SLC16A3|SLC33A1|ANGPTL4|SLC13A3|ABCB5,-0.35
MyList,GO Biological Processes,19,GO:0045055,regulated exocytosis,19_GO:0051179 localization,-2,4.8,3.5,30293,144,174,4,2.3,1.1,6850|26056|27445|112476,SYK|RAB11FIP5|PCLO|PRRT2,-0.35
MyList,WikiPathways,27,WP2853,Endoderm differentiation,,-2,4.8,3.5,30293,144,174,4,2.3,1.1,3915|10973|56946|57669,LAMC1|ASCC3|EMSY|EPB41L5,-0.35
MyList,Reactome Gene Sets,6,R-HSA-3781865,Diseases of glycosylation,,-2,4.8,3.5,30293,144,174,4,2.3,1.1,1464|2817|9672|79087,CSPG4|GPC1|SDC3|ALG12,-0.35
MyList,WikiPathways,27,WP2882,Nuclear receptors meta pathway,,-2,3.3,3.2,30293,314,174,6,3.4,1.4,335|1376|1581|1907|5055|51129,APOA1|CPT2|CYP7A1|EDN2|SERPINB2|ANGPTL4,-0.34
MyList,GO Biological Processes,19,GO:0002831,regulation of response to biotic stimulus,19_GO:0050896 response to stimulus,-2,2.7,3,30293,513,174,8,4.6,1.6,841|3929|5322|6850|7097|25939|51752|115004,CASP8|LBP|PLA2G5|SYK|TLR2|SAMHD1|ERAP1|CGAS,-0.34
MyList,GO Biological Processes,19,GO:0040017,positive regulation of locomotion,19_GO:0040011 locomotion,-2,2.5,2.9,30293,620,174,9,5.2,1.7,719|1907|2185|3383|3655|3929|7941|8877|57669,C3AR1|EDN2|PTK2B|ICAM1|ITGA6|LBP|PLA2G7|SPHK1|EPB41L5,-0.34
MyList,GO Biological Processes,19,GO:0006304,DNA modification,19_GO:0008152 metabolic process,-2,6.8,3.9,30293,77,174,3,1.7,0.99,10973|11176|51742,ASCC3|BAZ2A|ARID4B,-0.34
MyList_MCODE_ALL,Reactome Gene Sets,6,R-HSA-3560801,Defective B3GAT3 causes JDSSDHD,,-6.8,2.7e+02,28,30293,20,17,3,18,9.2,1464|2817|9672,CSPG4|GPC1|SDC3,-3.7
MyList_MCODE_ALL,Reactome Gene Sets,6,R-HSA-4420332,Defective B3GALT6 causes EDSP2 and SEMDJL1,,-6.8,2.7e+02,28,30293,20,17,3,18,9.2,1464|2817|9672,CSPG4|GPC1|SDC3,-3.7
MyList_MCODE_ALL,Reactome Gene Sets,6,R-HSA-3560783,"Defective B4GALT7 causes EDS, progeroid type",,-6.8,2.7e+02,28,30293,20,17,3,18,9.2,1464|2817|9672,CSPG4|GPC1|SDC3,-3.7
MyList_MCODE_ALL,Reactome Gene Sets,6,R-HSA-1971475,A tetrasaccharide linker sequence is required for GAG synthesis,,-6.4,2.1e+02,25,30293,26,17,3,18,9.2,1464|2817|9672,CSPG4|GPC1|SDC3,-3.5
MyList_MCODE_ALL,GO Biological Processes,19,GO:0043408,regulation of MAPK cascade,19_GO:0050896 response to stimulus,-5.9,16,9.3,30293,669,17,6,35,12,1464|2064|2185|2263|2641|10886,CSPG4|ERBB2|PTK2B|FGFR2|GCG|NPFFR2,-3.1
MyList_MCODE_ALL,Reactome Gene Sets,6,R-HSA-3560782,Diseases associated with glycosaminoglycan metabolism,,-5.8,1.3e+02,20,30293,41,17,3,18,9.2,1464|2817|9672,CSPG4|GPC1|SDC3,-3
MyList_MCODE_ALL,GO Biological Processes,19,GO:0007169,transmembrane receptor protein tyrosine kinase signaling pathway,19_GO:0050896 response to stimulus,-5.6,21,9.9,30293,418,17,5,29,11,1464|2064|2185|2263|10849,CSPG4|ERBB2|PTK2B|FGFR2|POLR1G,-2.8
MyList_MCODE_ALL,Reactome Gene Sets,6,R-HSA-1793185,Chondroitin sulfate/dermatan sulfate metabolism,,-5.5,1.1e+02,18,30293,50,17,3,18,9.2,1464|2817|9672,CSPG4|GPC1|SDC3,-2.8
MyList_MCODE_ALL,Reactome Gene Sets,6,R-HSA-1638091,Heparan sulfate/heparin (HS-GAG) metabolism,,-5.4,94,17,30293,57,17,3,18,9.2,1464|2817|9672,CSPG4|GPC1|SDC3,-2.7
MyList_MCODE_ALL,GO Biological Processes,19,GO:0043410,positive regulation of MAPK cascade,19_GO:0048518 positive regulation of biological process,-5.3,19,9.3,30293,474,17,5,29,11,1464|2064|2185|2263|2641,CSPG4|ERBB2|PTK2B|FGFR2|GCG,-2.6
MyList_MCODE_ALL,Reactome Gene Sets,6,R-HSA-416476,G alpha (q) signalling events,,-5.2,33,11,30293,217,17,4,24,10,1907|2641|5029|10886,EDN2|GCG|P2RY2|NPFFR2,-2.6
MyList_MCODE_ALL,GO Biological Processes,19,GO:0018108,peptidyl-tyrosine phosphorylation,19_GO:0008152 metabolic process,-5.2,82,16,30293,65,17,3,18,9.2,2064|2185|2263,ERBB2|PTK2B|FGFR2,-2.6
MyList_MCODE_ALL,GO Biological Processes,19,GO:0018212,peptidyl-tyrosine modification,19_GO:0008152 metabolic process,-5.2,80,15,30293,67,17,3,18,9.2,2064|2185|2263,ERBB2|PTK2B|FGFR2,-2.6
MyList_MCODE_ALL,GO Biological Processes,19,GO:0042063,gliogenesis,19_GO:0032502 developmental process,-4.9,26,9.9,30293,271,17,4,24,10,1464|2064|2185|2817,CSPG4|ERBB2|PTK2B|GPC1,-2.4
MyList_MCODE_ALL,GO Biological Processes,19,GO:0007167,enzyme-linked receptor protein signaling pathway,19_GO:0050896 response to stimulus,-4.7,14,8,30293,622,17,5,29,11,1464|2064|2185|2263|10849,CSPG4|ERBB2|PTK2B|FGFR2|POLR1G,-2.3
MyList_MCODE_ALL,GO Biological Processes,19,GO:0042327,positive regulation of phosphorylation,19_GO:0048518 positive regulation of biological process,-4.7,14,7.9,30293,627,17,5,29,11,1464|2064|2185|2263|2641,CSPG4|ERBB2|PTK2B|FGFR2|GCG,-2.3
MyList_MCODE_ALL,GO Biological Processes,19,GO:0070372,regulation of ERK1 and ERK2 cascade,19_GO:0050896 response to stimulus,-4.6,23,9.2,30293,309,17,4,24,10,2064|2185|2263|2641,ERBB2|PTK2B|FGFR2|GCG,-2.2
MyList_MCODE_ALL,GO Biological Processes,19,GO:0001525,angiogenesis,19_GO:0032502 developmental process,-4.5,21,8.8,30293,338,17,4,24,10,1464|1907|2185|2263,CSPG4|EDN2|PTK2B|FGFR2,-2.1
MyList_MCODE_ALL,GO Biological Processes,19,GO:0045937,positive regulation of phosphate metabolic process,19_GO:0048518 positive regulation of biological process,-4.5,13,7.4,30293,704,17,5,29,11,1464|2064|2185|2263|2641,CSPG4|ERBB2|PTK2B|FGFR2|GCG,-2.1
MyList_MCODE_ALL,GO Biological Processes,19,GO:0010562,positive regulation of phosphorus metabolic process,19_GO:0048518 positive regulation of biological process,-4.5,13,7.4,30293,704,17,5,29,11,1464|2064|2185|2263|2641,CSPG4|ERBB2|PTK2B|FGFR2|GCG,-2.1
MyList_MCODE_ALL,KEGG Pathway,24,hsa04080,Neuroactive ligand-receptor interaction,,-4.4,19,8.4,30293,367,17,4,24,10,1907|2641|5029|10886,EDN2|GCG|P2RY2|NPFFR2,-2
MyList_MCODE_ALL,Reactome Gene Sets,6,R-HSA-1630316,Glycosaminoglycan metabolism,,-4.3,42,11,30293,126,17,3,18,9.2,1464|2817|9672,CSPG4|GPC1|SDC3,-2
MyList_MCODE_ALL,Reactome Gene Sets,6,R-HSA-3781865,Diseases of glycosylation,,-4.2,37,10,30293,144,17,3,18,9.2,1464|2817|9672,CSPG4|GPC1|SDC3,-1.8
MyList_MCODE_ALL,GO Biological Processes,19,GO:0048514,blood vessel morphogenesis,19_GO:0032502 developmental process,-4.1,17,7.7,30293,431,17,4,24,10,1464|1907|2185|2263,CSPG4|EDN2|PTK2B|FGFR2,-1.8
MyList_MCODE_ALL,Canonical Pathways,11,M5880,NABA ECM AFFILIATED,,-4,31,9.4,30293,170,17,3,18,9.2,1464|2817|9672,CSPG4|GPC1|SDC3,-1.6
MyList_MCODE_ALL,Reactome Gene Sets,6,R-HSA-500792,GPCR ligand binding,,-3.9,15,7.4,30293,468,17,4,24,10,1907|2641|5029|10886,EDN2|GCG|P2RY2|NPFFR2,-1.6
MyList_MCODE_ALL,Reactome Gene Sets,6,R-HSA-9006934,Signaling by Receptor Tyrosine Kinases,,-3.7,14,6.9,30293,526,17,4,24,10,2064|2185|2263|4689,ERBB2|PTK2B|FGFR2|NCF4,-1.5
MyList_MCODE_ALL,GO Biological Processes,19,GO:0001568,blood vessel development,19_GO:0032502 developmental process,-3.7,14,6.9,30293,526,17,4,24,10,1464|1907|2185|2263,CSPG4|EDN2|PTK2B|FGFR2,-1.5
MyList_MCODE_ALL,GO Biological Processes,19,GO:0001944,vasculature development,19_GO:0032502 developmental process,-3.7,13,6.7,30293,546,17,4,24,10,1464|1907|2185|2263,CSPG4|EDN2|PTK2B|FGFR2,-1.4
MyList_MCODE_ALL,GO Biological Processes,19,GO:0070374,positive regulation of ERK1 and ERK2 cascade,19_GO:0048518 positive regulation of biological process,-3.6,25,8.3,30293,216,17,3,18,9.2,2185|2263|2641,PTK2B|FGFR2|GCG,-1.4
MyList_MCODE_ALL,GO Biological Processes,19,GO:0001934,positive regulation of protein phosphorylation,19_GO:0048518 positive regulation of biological process,-3.6,12,6.5,30293,582,17,4,24,10,1464|2064|2185|2641,CSPG4|ERBB2|PTK2B|GCG,-1.4
MyList_MCODE_ALL,GO Biological Processes,19,GO:0032989,cellular anatomical entity morphogenesis,19_GO:0032502 developmental process,-3.5,12,6.3,30293,605,17,4,24,10,1907|2064|2263|2817,EDN2|ERBB2|FGFR2|GPC1,-1.3
MyList_MCODE_ALL,Reactome Gene Sets,6,R-HSA-5668914,Diseases of metabolism,,-3.5,21,7.7,30293,250,17,3,18,9.2,1464|2817|9672,CSPG4|GPC1|SDC3,-1.3
MyList_MCODE_ALL,KEGG Pathway,24,hsa04020,Calcium signaling pathway,,-3.4,21,7.6,30293,253,17,3,18,9.2,2064|2185|2263,ERBB2|PTK2B|FGFR2,-1.3
MyList_MCODE_ALL,Reactome Gene Sets,6,R-HSA-388396,GPCR downstream signalling,,-3.4,11,6.2,30293,634,17,4,24,10,1907|2641|5029|10886,EDN2|GCG|P2RY2|NPFFR2,-1.3
MyList_MCODE_ALL,GO Biological Processes,19,GO:0045927,positive regulation of growth,19_GO:0040007 growth,-3.4,21,7.6,30293,257,17,3,18,9.2,2064|2185|2263,ERBB2|PTK2B|FGFR2,-1.3
MyList_MCODE_ALL,GO Biological Processes,19,GO:0035239,tube morphogenesis,19_GO:0032502 developmental process,-3.3,10,5.9,30293,682,17,4,24,10,1464|1907|2185|2263,CSPG4|EDN2|PTK2B|FGFR2,-1.2
MyList_MCODE_ALL,GO Biological Processes,19,GO:0031175,neuron projection development,19_GO:0032502 developmental process,-3.3,10,5.9,30293,691,17,4,24,10,1907|2064|2185|2263,EDN2|ERBB2|PTK2B|FGFR2,-1.2
MyList_MCODE_ALL,Reactome Gene Sets,6,R-HSA-372790,Signaling by GPCR,,-3.3,10,5.8,30293,709,17,4,24,10,1907|2641|5029|10886,EDN2|GCG|P2RY2|NPFFR2,-1.2
MyList_MCODE_ALL,Reactome Gene Sets,6,R-HSA-71387,Metabolism of carbohydrates,,-3.2,18,7,30293,299,17,3,18,9.2,1464|2817|9672,CSPG4|GPC1|SDC3,-1.1
MyList_MCODE_ALL,GO Biological Processes,19,GO:0033674,positive regulation of kinase activity,19_GO:0048518 positive regulation of biological process,-3.2,18,6.9,30293,305,17,3,18,9.2,2064|2185|2263,ERBB2|PTK2B|FGFR2,-1.1
MyList_MCODE_ALL,Reactome Gene Sets,6,R-HSA-373076,Class A/1 (Rhodopsin-like receptors),,-3.1,16,6.5,30293,335,17,3,18,9.2,1907|5029|10886,EDN2|P2RY2|NPFFR2,-1
MyList_MCODE_ALL,GO Biological Processes,19,GO:0031401,positive regulation of protein modification process,19_GO:0048518 positive regulation of biological process,-3.1,9,5.4,30293,788,17,4,24,10,1464|2064|2185|2641,CSPG4|ERBB2|PTK2B|GCG,-1
MyList_MCODE_ALL,GO Biological Processes,19,GO:0007409,axonogenesis,19_GO:0032502 developmental process,-3,15,6.2,30293,366,17,3,18,9.2,1907|2064|2263,EDN2|ERBB2|FGFR2,-0.97
MyList_MCODE_ALL,GO Biological Processes,19,GO:0051347,positive regulation of transferase activity,19_GO:0065007 biological regulation,-2.9,14,6.1,30293,378,17,3,18,9.2,2064|2185|2263,ERBB2|PTK2B|FGFR2,-0.93
MyList_MCODE_ALL,Reactome Gene Sets,6,R-HSA-9679506,SARS-CoV Infections,,-2.8,13,5.8,30293,414,17,3,18,9.2,2817|9672|51742,GPC1|SDC3|ARID4B,-0.84
MyList_MCODE_ALL,GO Biological Processes,19,GO:0061564,axon development,19_GO:0032502 developmental process,-2.8,13,5.7,30293,421,17,3,18,9.2,1907|2064|2263,EDN2|ERBB2|FGFR2,-0.82
MyList_MCODE_ALL,GO Biological Processes,19,GO:0006873,intracellular monoatomic ion homeostasis,19_GO:0042592 homeostatic process,-2.8,12,5.6,30293,432,17,3,18,9.2,1907|5029|392862,EDN2|P2RY2|GRID2IP,-0.81
MyList_MCODE_ALL,GO Biological Processes,19,GO:0048667,cell morphogenesis involved in neuron differentiation,19_GO:0032502 developmental process,-2.7,12,5.6,30293,440,17,3,18,9.2,1907|2064|2263,EDN2|ERBB2|FGFR2,-0.79
MyList_MCODE_ALL,Reactome Gene Sets,6,R-HSA-9012999,RHO GTPase cycle,,-2.7,12,5.5,30293,449,17,3,18,9.2,2185|4649|4689,PTK2B|MYO9A|NCF4,-0.78
MyList_MCODE_ALL,GO Biological Processes,19,GO:0048812,neuron projection morphogenesis,19_GO:0032502 developmental process,-2.6,11,5.3,30293,484,17,3,18,9.2,1907|2064|2263,EDN2|ERBB2|FGFR2,-0.73
MyList_MCODE_ALL,GO Biological Processes,19,GO:0120039,plasma membrane bounded cell projection morphogenesis,19_GO:0032502 developmental process,-2.6,11,5.2,30293,489,17,3,18,9.2,1907|2064|2263,EDN2|ERBB2|FGFR2,-0.73
MyList_MCODE_ALL,GO Biological Processes,19,GO:0006468,protein phosphorylation,19_GO:0008152 metabolic process,-2.6,11,5.2,30293,490,17,3,18,9.2,2064|2185|2263,ERBB2|PTK2B|FGFR2,-0.73
MyList_MCODE_ALL,GO Biological Processes,19,GO:0048858,cell projection morphogenesis,19_GO:0032502 developmental process,-2.6,11,5.2,30293,494,17,3,18,9.2,1907|2064|2263,EDN2|ERBB2|FGFR2,-0.72
MyList_MCODE_ALL,GO Biological Processes,19,GO:0050801,monoatomic ion homeostasis,19_GO:0042592 homeostatic process,-2.6,11,5.1,30293,507,17,3,18,9.2,1907|5029|392862,EDN2|P2RY2|GRID2IP,-0.7
MyList_MCODE_ALL,GO Biological Processes,19,GO:0090066,regulation of anatomical structure size,19_GO:0065007 biological regulation,-2.6,10,5.1,30293,516,17,3,18,9.2,1907|2185|5029,EDN2|PTK2B|P2RY2,-0.68
MyList_MCODE_ALL,GO Biological Processes,19,GO:0018193,peptidyl-amino acid modification,19_GO:0008152 metabolic process,-2.5,10,5,30293,532,17,3,18,9.2,2064|2185|2263,ERBB2|PTK2B|FGFR2,-0.66
MyList_MCODE_ALL,GO Biological Processes,19,GO:0034330,cell junction organization,19_GO:0009987 cellular process,-2.5,10,5,30293,533,17,3,18,9.2,2064|2185|4649,ERBB2|PTK2B|MYO9A,-0.66
MyList_MCODE_ALL,GO Biological Processes,19,GO:0043549,regulation of kinase activity,19_GO:0008152 metabolic process,-2.5,10,5,30293,536,17,3,18,9.2,2064|2185|2263,ERBB2|PTK2B|FGFR2,-0.66
MyList_MCODE_ALL,GO Biological Processes,19,GO:0055082,intracellular chemical homeostasis,19_GO:0042592 homeostatic process,-2.4,9.3,4.8,30293,572,17,3,18,9.2,1907|5029|392862,EDN2|P2RY2|GRID2IP,-0.61
MyList_MCODE_ALL,GO Biological Processes,19,GO:0045321,leukocyte activation,19_GO:0002376 immune system process,-2.4,8.9,4.6,30293,598,17,3,18,9.2,1907|2064|2185,EDN2|ERBB2|PTK2B,-0.56
MyList_MCODE_ALL,GO Biological Processes,19,GO:0040008,regulation of growth,19_GO:0040007 growth,-2.3,8.7,4.6,30293,616,17,3,18,9.2,2064|2185|2263,ERBB2|PTK2B|FGFR2,-0.55
MyList_MCODE_ALL,GO Biological Processes,19,GO:0030855,epithelial cell differentiation,19_GO:0032502 developmental process,-2.3,8.5,4.5,30293,630,17,3,18,9.2,2263|4649|51742,FGFR2|MYO9A|ARID4B,-0.53
MyList_MCODE_ALL,GO Biological Processes,19,GO:0051338,regulation of transferase activity,19_GO:0065007 biological regulation,-2.3,8.3,4.4,30293,644,17,3,18,9.2,2064|2185|2263,ERBB2|PTK2B|FGFR2,-0.52
MyList_MCODE_ALL,GO Biological Processes,19,GO:0000902,cell morphogenesis,19_GO:0032502 developmental process,-2.2,7.9,4.3,30293,680,17,3,18,9.2,1907|2064|2263,EDN2|ERBB2|FGFR2,-0.47
MyList_MCODE_ALL,GO Biological Processes,19,GO:0030097,hemopoiesis,19_GO:0032502 developmental process,-2.2,7.9,4.3,30293,680,17,3,18,9.2,2064|2185|2263,ERBB2|PTK2B|FGFR2,-0.47
MyList_MCODE_ALL,GO Biological Processes,19,GO:0019725,cellular homeostasis,19_GO:0042592 homeostatic process,-2.2,7.9,4.3,30293,680,17,3,18,9.2,1907|5029|392862,EDN2|P2RY2|GRID2IP,-0.47
MyList_MCODE_ALL,GO Biological Processes,19,GO:0008283,cell population proliferation,19_GO:0009987 cellular process,-2.2,7.7,4.2,30293,696,17,3,18,9.2,2064|2185|2263,ERBB2|PTK2B|FGFR2,-0.46
MyList_MCODE_ALL,Reactome Gene Sets,6,R-HSA-194315,Signaling by Rho GTPases,,-2.2,7.6,4.2,30293,706,17,3,18,9.2,2185|4649|4689,PTK2B|MYO9A|NCF4,-0.45
MyList_MCODE_ALL,GO Biological Processes,19,GO:0016310,phosphorylation,19_GO:0008152 metabolic process,-2.1,7.4,4.1,30293,720,17,3,18,9.2,2064|2185|2263,ERBB2|PTK2B|FGFR2,-0.43
MyList_MCODE_ALL,Reactome Gene Sets,6,R-HSA-9716542,"Signaling by Rho GTPases, Miro GTPases and RHOBTB3",,-2.1,7.4,4.1,30293,722,17,3,18,9.2,2185|4649|4689,PTK2B|MYO9A|NCF4,-0.43
MyList_MCODE_ALL,GO Biological Processes,19,GO:0001775,cell activation,19_GO:0032501 multicellular organismal process,-2.1,7.4,4.1,30293,722,17,3,18,9.2,1907|2064|2185,EDN2|ERBB2|PTK2B,-0.43
MyList_MCODE_ALL,Canonical Pathways,11,M5885,NABA MATRISOME ASSOCIATED,,-2.1,7.1,4,30293,751,17,3,18,9.2,1464|2817|9672,CSPG4|GPC1|SDC3,-0.39
MyList_MCODE_ALL,Reactome Gene Sets,6,R-HSA-9824446,Viral Infection Pathways,,-2.1,7,4,30293,767,17,3,18,9.2,2817|9672|51742,GPC1|SDC3|ARID4B,-0.38
MyList_MCODE_ALL,GO Biological Processes,19,GO:0009725,response to hormone,19_GO:0050896 response to stimulus,-2.1,6.9,3.9,30293,780,17,3,18,9.2,2185|2641|10886,PTK2B|GCG|NPFFR2,-0.37
MyList_MCODE_ALL,GO Biological Processes,19,GO:0008285,negative regulation of cell population proliferation,19_GO:0048519 negative regulation of biological process,-2,6.8,3.9,30293,785,17,3,18,9.2,2064|2185|2263,ERBB2|PTK2B|FGFR2,-0.37
MyList_SUB1_MCODE_1,Reactome Gene Sets,6,R-HSA-416476,G alpha (q) signalling events,,-8.6,1.4e+02,24,30293,217,4,4,1e+02,22,1907|2641|5029|10886,EDN2|GCG|P2RY2|NPFFR2,-5.1
MyList_SUB1_MCODE_1,KEGG Pathway,24,hsa04080,Neuroactive ligand-receptor interaction,,-7.7,83,18,30293,367,4,4,1e+02,22,1907|2641|5029|10886,EDN2|GCG|P2RY2|NPFFR2,-4.4
MyList_SUB1_MCODE_1,Reactome Gene Sets,6,R-HSA-500792,GPCR ligand binding,,-7.2,65,16,30293,468,4,4,1e+02,22,1907|2641|5029|10886,EDN2|GCG|P2RY2|NPFFR2,-4
MyList_SUB1_MCODE_1,Reactome Gene Sets,6,R-HSA-388396,GPCR downstream signalling,,-6.7,48,14,30293,634,4,4,1e+02,22,1907|2641|5029|10886,EDN2|GCG|P2RY2|NPFFR2,-3.7
MyList_SUB1_MCODE_1,Reactome Gene Sets,6,R-HSA-372790,Signaling by GPCR,,-6.5,43,13,30293,709,4,4,1e+02,22,1907|2641|5029|10886,EDN2|GCG|P2RY2|NPFFR2,-3.5
MyList_SUB1_MCODE_1,Reactome Gene Sets,6,R-HSA-373076,Class A/1 (Rhodopsin-like receptors),,-5.3,68,14,30293,335,4,3,75,22,1907|5029|10886,EDN2|P2RY2|NPFFR2,-2.6
MyList_SUB1_MCODE_4,Reactome Gene Sets,6,R-HSA-3560783,"Defective B4GALT7 causes EDS, progeroid type",,-9.6,1.5e+03,67,30293,20,3,3,1e+02,27,1464|2817|9672,CSPG4|GPC1|SDC3,-5.8
MyList_SUB1_MCODE_4,Reactome Gene Sets,6,R-HSA-4420332,Defective B3GALT6 causes EDSP2 and SEMDJL1,,-9.6,1.5e+03,67,30293,20,3,3,1e+02,27,1464|2817|9672,CSPG4|GPC1|SDC3,-5.8
MyList_SUB1_MCODE_4,Reactome Gene Sets,6,R-HSA-3560801,Defective B3GAT3 causes JDSSDHD,,-9.6,1.5e+03,67,30293,20,3,3,1e+02,27,1464|2817|9672,CSPG4|GPC1|SDC3,-5.8
MyList_SUB1_MCODE_4,Reactome Gene Sets,6,R-HSA-1971475,A tetrasaccharide linker sequence is required for GAG synthesis,,-9.3,1.2e+03,59,30293,26,3,3,1e+02,27,1464|2817|9672,CSPG4|GPC1|SDC3,-5.6
MyList_SUB1_MCODE_4,Reactome Gene Sets,6,R-HSA-3560782,Diseases associated with glycosaminoglycan metabolism,,-8.6,7.4e+02,47,30293,41,3,3,1e+02,27,1464|2817|9672,CSPG4|GPC1|SDC3,-5.1
MyList_SUB1_MCODE_4,Reactome Gene Sets,6,R-HSA-1793185,Chondroitin sulfate/dermatan sulfate metabolism,,-8.4,6.1e+02,43,30293,50,3,3,1e+02,27,1464|2817|9672,CSPG4|GPC1|SDC3,-4.9
MyList_SUB1_MCODE_4,Reactome Gene Sets,6,R-HSA-1638091,Heparan sulfate/heparin (HS-GAG) metabolism,,-8.2,5.3e+02,40,30293,57,3,3,1e+02,27,1464|2817|9672,CSPG4|GPC1|SDC3,-4.8
MyList_SUB1_MCODE_4,Reactome Gene Sets,6,R-HSA-1630316,Glycosaminoglycan metabolism,,-7.2,2.4e+02,27,30293,126,3,3,1e+02,27,1464|2817|9672,CSPG4|GPC1|SDC3,-4
MyList_SUB1_MCODE_4,Reactome Gene Sets,6,R-HSA-3781865,Diseases of glycosylation,,-7,2.1e+02,25,30293,144,3,3,1e+02,27,1464|2817|9672,CSPG4|GPC1|SDC3,-3.8
MyList_SUB1_MCODE_4,Canonical Pathways,11,M5880,NABA ECM AFFILIATED,,-6.8,1.8e+02,23,30293,170,3,3,1e+02,27,1464|2817|9672,CSPG4|GPC1|SDC3,-3.7
MyList_SUB1_MCODE_4,Reactome Gene Sets,6,R-HSA-5668914,Diseases of metabolism,,-6.3,1.2e+02,19,30293,250,3,3,1e+02,27,1464|2817|9672,CSPG4|GPC1|SDC3,-3.3
MyList_SUB1_MCODE_4,Reactome Gene Sets,6,R-HSA-71387,Metabolism of carbohydrates,,-6,1e+02,17,30293,299,3,3,1e+02,27,1464|2817|9672,CSPG4|GPC1|SDC3,-3.2
MyList_SUB1_MCODE_4,Canonical Pathways,11,M5885,NABA MATRISOME ASSOCIATED,,-4.8,40,11,30293,751,3,3,1e+02,27,1464|2817|9672,CSPG4|GPC1|SDC3,-2.3
MyList_SUB1_MCODE_5,GO Biological Processes,19,GO:0018108,peptidyl-tyrosine phosphorylation,19_GO:0008152 metabolic process,-8,4.7e+02,37,30293,65,3,3,1e+02,27,2064|2185|2263,ERBB2|PTK2B|FGFR2,-4.7
MyList_SUB1_MCODE_5,GO Biological Processes,19,GO:0018212,peptidyl-tyrosine modification,19_GO:0008152 metabolic process,-8,4.5e+02,37,30293,67,3,3,1e+02,27,2064|2185|2263,ERBB2|PTK2B|FGFR2,-4.7
MyList_SUB1_MCODE_5,KEGG Pathway,24,hsa04020,Calcium signaling pathway,,-6.2,1.2e+02,19,30293,253,3,3,1e+02,27,2064|2185|2263,ERBB2|PTK2B|FGFR2,-3.3
MyList_SUB1_MCODE_5,GO Biological Processes,19,GO:0045927,positive regulation of growth,19_GO:0040007 growth,-6.2,1.2e+02,19,30293,257,3,3,1e+02,27,2064|2185|2263,ERBB2|PTK2B|FGFR2,-3.3
MyList_SUB1_MCODE_5,GO Biological Processes,19,GO:0033674,positive regulation of kinase activity,19_GO:0048518 positive regulation of biological process,-6,99,17,30293,305,3,3,1e+02,27,2064|2185|2263,ERBB2|PTK2B|FGFR2,-3.1
MyList_SUB1_MCODE_5,GO Biological Processes,19,GO:0070372,regulation of ERK1 and ERK2 cascade,19_GO:0050896 response to stimulus,-6,98,17,30293,309,3,3,1e+02,27,2064|2185|2263,ERBB2|PTK2B|FGFR2,-3.1
MyList_SUB1_MCODE_5,GO Biological Processes,19,GO:0051347,positive regulation of transferase activity,19_GO:0065007 biological regulation,-5.7,80,15,30293,378,3,3,1e+02,27,2064|2185|2263,ERBB2|PTK2B|FGFR2,-2.9
MyList_SUB1_MCODE_5,GO Biological Processes,19,GO:0007169,transmembrane receptor protein tyrosine kinase signaling pathway,19_GO:0050896 response to stimulus,-5.6,72,15,30293,418,3,3,1e+02,27,2064|2185|2263,ERBB2|PTK2B|FGFR2,-2.8
MyList_SUB1_MCODE_5,GO Biological Processes,19,GO:0043410,positive regulation of MAPK cascade,19_GO:0048518 positive regulation of biological process,-5.4,64,14,30293,474,3,3,1e+02,27,2064|2185|2263,ERBB2|PTK2B|FGFR2,-2.7
MyList_SUB1_MCODE_5,GO Biological Processes,19,GO:0006468,protein phosphorylation,19_GO:0008152 metabolic process,-5.4,62,14,30293,490,3,3,1e+02,27,2064|2185|2263,ERBB2|PTK2B|FGFR2,-2.7
MyList_SUB1_MCODE_5,Reactome Gene Sets,6,R-HSA-9006934,Signaling by Receptor Tyrosine Kinases,,-5.3,58,13,30293,526,3,3,1e+02,27,2064|2185|2263,ERBB2|PTK2B|FGFR2,-2.6
MyList_SUB1_MCODE_5,GO Biological Processes,19,GO:0018193,peptidyl-amino acid modification,19_GO:0008152 metabolic process,-5.3,57,13,30293,532,3,3,1e+02,27,2064|2185|2263,ERBB2|PTK2B|FGFR2,-2.6
MyList_SUB1_MCODE_5,GO Biological Processes,19,GO:0043549,regulation of kinase activity,19_GO:0008152 metabolic process,-5.3,57,13,30293,536,3,3,1e+02,27,2064|2185|2263,ERBB2|PTK2B|FGFR2,-2.6
MyList_SUB1_MCODE_5,GO Biological Processes,19,GO:0040008,regulation of growth,19_GO:0040007 growth,-5.1,49,12,30293,616,3,3,1e+02,27,2064|2185|2263,ERBB2|PTK2B|FGFR2,-2.5
MyList_SUB1_MCODE_5,GO Biological Processes,19,GO:0007167,enzyme-linked receptor protein signaling pathway,19_GO:0050896 response to stimulus,-5.1,49,12,30293,622,3,3,1e+02,27,2064|2185|2263,ERBB2|PTK2B|FGFR2,-2.5
MyList_SUB1_MCODE_5,GO Biological Processes,19,GO:0042327,positive regulation of phosphorylation,19_GO:0048518 positive regulation of biological process,-5.1,48,12,30293,627,3,3,1e+02,27,2064|2185|2263,ERBB2|PTK2B|FGFR2,-2.5
MyList_SUB1_MCODE_5,GO Biological Processes,19,GO:0051338,regulation of transferase activity,19_GO:0065007 biological regulation,-5,47,12,30293,644,3,3,1e+02,27,2064|2185|2263,ERBB2|PTK2B|FGFR2,-2.4
MyList_SUB1_MCODE_5,GO Biological Processes,19,GO:0043408,regulation of MAPK cascade,19_GO:0050896 response to stimulus,-5,45,12,30293,669,3,3,1e+02,27,2064|2185|2263,ERBB2|PTK2B|FGFR2,-2.4
MyList_SUB1_MCODE_5,GO Biological Processes,19,GO:0030097,hemopoiesis,19_GO:0032502 developmental process,-4.9,45,11,30293,680,3,3,1e+02,27,2064|2185|2263,ERBB2|PTK2B|FGFR2,-2.4
MyList_SUB1_MCODE_5,GO Biological Processes,19,GO:0031175,neuron projection development,19_GO:0032502 developmental process,-4.9,44,11,30293,691,3,3,1e+02,27,2064|2185|2263,ERBB2|PTK2B|FGFR2,-2.4
MyList_SUB1_MCODE_5,GO Biological Processes,19,GO:0008283,cell population proliferation,19_GO:0009987 cellular process,-4.9,44,11,30293,696,3,3,1e+02,27,2064|2185|2263,ERBB2|PTK2B|FGFR2,-2.4
MyList_SUB1_MCODE_5,GO Biological Processes,19,GO:0045937,positive regulation of phosphate metabolic process,19_GO:0048518 positive regulation of biological process,-4.9,43,11,30293,704,3,3,1e+02,27,2064|2185|2263,ERBB2|PTK2B|FGFR2,-2.4
MyList_SUB1_MCODE_5,GO Biological Processes,19,GO:0010562,positive regulation of phosphorus metabolic process,19_GO:0048518 positive regulation of biological process,-4.9,43,11,30293,704,3,3,1e+02,27,2064|2185|2263,ERBB2|PTK2B|FGFR2,-2.4
MyList_SUB1_MCODE_5,GO Biological Processes,19,GO:0016310,phosphorylation,19_GO:0008152 metabolic process,-4.9,42,11,30293,720,3,3,1e+02,27,2064|2185|2263,ERBB2|PTK2B|FGFR2,-2.4
MyList_SUB1_MCODE_5,GO Biological Processes,19,GO:0008285,negative regulation of cell population proliferation,19_GO:0048519 negative regulation of biological process,-4.8,39,11,30293,785,3,3,1e+02,27,2064|2185|2263,ERBB2|PTK2B|FGFR2,-2.3
