Network,Annotation
MyList,GO:0006066|alcohol metabolic process|-6.3;GO:0050764|regulation of phagocytosis|-5.7;GO:0008203|cholesterol metabolic process|-5.2
MyList_MCODE_ALL,"R-HSA-3560801|Defective B3GAT3 causes JDSSDHD|-6.8;R-HSA-4420332|Defective B3GALT6 causes EDSP2 and SEMDJL1|-6.8;R-HSA-3560783|Defective B4GALT7 causes EDS, progeroid type|-6.8"
MyList_SUB1_MCODE_1,R-HSA-416476|G alpha (q) signalling events|-8.6;hsa04080|Neuroactive ligand-receptor interaction|-7.7;R-HSA-500792|GPCR ligand binding|-7.2
MyList_SUB1_MCODE_4,"R-HSA-3560783|Defective B4GALT7 causes EDS, progeroid type|-9.6;R-HSA-4420332|Defective B3GALT6 causes EDSP2 and SEMDJL1|-9.6;R-HSA-3560801|Defective B3GAT3 causes JDSSDHD|-9.6"
MyList_SUB1_MCODE_5,GO:0018108|peptidyl-tyrosine phosphorylation|-8.0;GO:0018212|peptidyl-tyrosine modification|-8.0;hsa04020|Calcium signaling pathway|-6.2
