Cluster,Score,Type,Gene,Symbol,Network
1,1.5,Seed,10886,NPFFR2,MyList_SUB1
1,1.5,Clustered,2641,GCG,MyList_SUB1
1,1.5,Clustered,1907,EDN2,MyList_SUB1
1,1.5,Clustered,5029,P2RY2,MyList_SUB1
2,1.0,Clustered,4689,NCF4,MyList_SUB1
2,1.0,Clustered,392862,GRID2IP,MyList_SUB1
2,1.0,Clustered,4649,MYO9A,MyList_SUB1
2,1.0,Clustered,23265,EXOC7,MyList_SUB1
3,1.0,Clustered,51742,ARID4B,MyList_SUB1
3,1.0,Seed,10849,POLR1G,MyList_SUB1
3,1.0,Clustered,80205,CHD9,MyList_SUB1
4,1.0,Clustered,2817,GPC1,MyList_SUB1
4,1.0,Clustered,9672,SDC3,MyList_SUB1
4,1.0,Seed,1464,CSPG4,MyList_SUB1
5,1.0,Clustered,2263,FGFR2,MyList_SUB1
5,1.0,Clustered,2064,ERBB2,MyList_SUB1
5,1.0,Seed,2185,PTK2B,MyList_SUB1
